2026-08-20T07:31:14Z INF Thank you for trying Cloudflare Tunnel. Doing so, without a Cloudflare account, is a quick way to experiment and try it out. However, be aware that these account-less Tunnels have no uptime guarantee, are subject to the Cloudflare Online Services Terms of Use (https://www.cloudflare.com/website-terms/), and Cloudflare reserves the right to investigate your use of Tunnels for violations of such terms. If you intend to use Tunnels in production you should use a pre-created named tunnel by following: https://developers.cloudflare.com/cloudflare-one/connections/connect-apps
2026-08-20T07:31:14Z INF Requesting new quick Tunnel on trycloudflare.com...
2026-08-20T07:31:20Z INF +--------------------------------------------------------------------------------------------+
2026-08-20T07:31:20Z INF |  Your quick Tunnel has been created! Visit it at (it may take some time to be reachable):  |
2026-08-20T07:31:20Z INF |  https://consequence-pending-medieval-writes.trycloudflare.com                             |
2026-08-20T07:31:20Z INF +--------------------------------------------------------------------------------------------+
2026-08-20T07:31:20Z INF Cannot determine default configuration path. No file [config.yml config.yaml] in [~/.cloudflared ~/.cloudflare-warp ~/cloudflare-warp /etc/cloudflared /usr/local/etc/cloudflared]
2026-08-20T07:31:20Z INF Version 2026.5.2 (Checksum 151a81e06101cfe5a3da280e8e6eb87bf803fcb4175c1c14c2ad70813d708737)
2026-08-20T07:31:20Z INF GOOS: darwin, GOVersion: go1.26.3, GoArch: arm64
2026-08-20T07:31:20Z INF Settings: map[ha-connections:1 protocol:quic url:http://localhost:3000]
2026-08-20T07:31:20Z INF cloudflared will not automatically update if installed by a package manager.
2026-08-20T07:31:20Z INF Generated Connector ID: db5a06d3-a9e1-47c5-987f-bc143c762d56
2026-08-20T07:31:20Z INF Initial protocol quic
2026-08-20T07:31:20Z INF ICMP proxy will use 192.168.1.170 as source for IPv4
2026-08-20T07:31:20Z INF ICMP proxy will use fe80::106f:df78:626e:344c in zone en0 as source for IPv6
2026-08-20T07:31:20Z INF Created ICMP proxy listening on 192.168.1.170:0
2026-08-20T07:31:20Z INF ICMP proxy will use 192.168.1.170 as source for IPv4
2026-08-20T07:31:20Z INF ICMP proxy will use fe80::106f:df78:626e:344c in zone en0 as source for IPv6
2026-08-20T07:31:20Z INF Starting metrics server on 127.0.0.1:20242/metrics
2026-08-20T07:31:20Z INF Tunnel connection curve preferences: [X25519MLKEM768 CurveID(65074) CurveP256] connIndex=0 event=0 ip=2606:4700:a8::8
2026-08-20T07:31:20Z INF +-------------------------------------------------------------------------------------+
2026-08-20T07:31:20Z INF |                               CONNECTIVITY PRE-CHECKS                               |
2026-08-20T07:31:20Z INF +-------------------------------------------------------------------------------------+
2026-08-20T07:31:20Z INF |  COMPONENT         TARGET                     STATUS  DETAILS                       |
2026-08-20T07:31:20Z INF |  DNS Resolution    region1.v2.argotunnel.com  PASS    DNS Resolved successfully     |
2026-08-20T07:31:20Z INF |  DNS Resolution    region2.v2.argotunnel.com  PASS    DNS Resolved successfully     |
2026-08-20T07:31:20Z INF |  UDP Connectivity  region1.v2.argotunnel.com  PASS    QUIC connection successful    |
2026-08-20T07:31:20Z INF |  UDP Connectivity  region2.v2.argotunnel.com  PASS    QUIC connection successful    |
2026-08-20T07:31:20Z INF |  TCP Connectivity  region1.v2.argotunnel.com  PASS    HTTP/2 connection successful  |
2026-08-20T07:31:20Z INF |  TCP Connectivity  region2.v2.argotunnel.com  PASS    HTTP/2 connection successful  |
2026-08-20T07:31:20Z INF |  Cloudflare API    api.cloudflare.com:443     PASS    API is reachable              |
2026-08-20T07:31:20Z INF |                                                                                     |
2026-08-20T07:31:20Z INF |  SUMMARY: Environment is healthy. cloudflared will use 'quic' as primary protocol.  |
2026-08-20T07:31:20Z INF +-------------------------------------------------------------------------------------+
2026-08-20T07:31:20Z INF precheck component="DNS Resolution" details="DNS Resolved successfully" run_id=b4f0ee31-e648-4dbc-9804-727fc5987e4e status=pass target=region1.v2.argotunnel.com
2026-08-20T07:31:20Z INF precheck component="DNS Resolution" details="DNS Resolved successfully" run_id=b4f0ee31-e648-4dbc-9804-727fc5987e4e status=pass target=region2.v2.argotunnel.com
2026-08-20T07:31:20Z INF precheck component="UDP Connectivity" details="QUIC connection successful" run_id=b4f0ee31-e648-4dbc-9804-727fc5987e4e status=pass target=region1.v2.argotunnel.com
2026-08-20T07:31:20Z INF precheck component="UDP Connectivity" details="QUIC connection successful" run_id=b4f0ee31-e648-4dbc-9804-727fc5987e4e status=pass target=region2.v2.argotunnel.com
2026-08-20T07:31:20Z INF precheck component="TCP Connectivity" details="HTTP/2 connection successful" run_id=b4f0ee31-e648-4dbc-9804-727fc5987e4e status=pass target=region1.v2.argotunnel.com
2026-08-20T07:31:20Z INF precheck component="TCP Connectivity" details="HTTP/2 connection successful" run_id=b4f0ee31-e648-4dbc-9804-727fc5987e4e status=pass target=region2.v2.argotunnel.com
2026-08-20T07:31:20Z INF precheck component="Cloudflare API" details="API is reachable" run_id=b4f0ee31-e648-4dbc-9804-727fc5987e4e status=pass target=api.cloudflare.com:443
2026-08-20T07:31:20Z INF precheck complete hard_fail=false run_id=b4f0ee31-e648-4dbc-9804-727fc5987e4e suggested_protocol=quic
2026-08-20T07:31:21Z INF Registered tunnel connection connIndex=0 connection=2c48a3a7-54c4-483e-a3ed-5e350b59f659 event=0 ip=2606:4700:a8::8 location=sin22 protocol=quic
2026-08-20T07:31:54Z ERR  error="Unable to reach the origin service. The service may be down or it may not be responding to traffic from cloudflared: net/http: HTTP/1.x transport connection broken: malformed HTTP response \"Unauthorized\"" connIndex=0 event=1 ingressRule=0 originService=http://localhost:3000
2026-08-20T07:31:54Z ERR Request failed error="Unable to reach the origin service. The service may be down or it may not be responding to traffic from cloudflared: net/http: HTTP/1.x transport connection broken: malformed HTTP response \"Unauthorized\"" connIndex=0 dest=https://consequence-pending-medieval-writes.trycloudflare.com/_next/hmr?id=U2hIFnZVugEfS7Rk2iGcy event=0 ip=2606:4700:a8::8 type=ws
2026-08-20T07:31:55Z ERR  error="Unable to reach the origin service. The service may be down or it may not be responding to traffic from cloudflared: net/http: HTTP/1.x transport connection broken: malformed HTTP response \"Unauthorized\"" connIndex=0 event=1 ingressRule=0 originService=http://localhost:3000
2026-08-20T07:31:55Z ERR Request failed error="Unable to reach the origin service. The service may be down or it may not be responding to traffic from cloudflared: net/http: HTTP/1.x transport connection broken: malformed HTTP response \"Unauthorized\"" connIndex=0 dest=https://consequence-pending-medieval-writes.trycloudflare.com/_next/hmr?id=U2hIFnZVugEfS7Rk2iGcy event=0 ip=2606:4700:a8::8 type=ws
2026-08-20T07:31:56Z ERR  error="Unable to reach the origin service. The service may be down or it may not be responding to traffic from cloudflared: net/http: HTTP/1.x transport connection broken: malformed HTTP response \"Unauthorized\"" connIndex=0 event=1 ingressRule=0 originService=http://localhost:3000
2026-08-20T07:31:56Z ERR Request failed error="Unable to reach the origin service. The service may be down or it may not be responding to traffic from cloudflared: net/http: HTTP/1.x transport connection broken: malformed HTTP response \"Unauthorized\"" connIndex=0 dest=https://consequence-pending-medieval-writes.trycloudflare.com/_next/hmr?id=U2hIFnZVugEfS7Rk2iGcy event=0 ip=2606:4700:a8::8 type=ws
2026-08-20T07:31:58Z ERR  error="Unable to reach the origin service. The service may be down or it may not be responding to traffic from cloudflared: net/http: HTTP/1.x transport connection broken: malformed HTTP response \"Unauthorized\"" connIndex=0 event=1 ingressRule=0 originService=http://localhost:3000
2026-08-20T07:31:58Z ERR Request failed error="Unable to reach the origin service. The service may be down or it may not be responding to traffic from cloudflared: net/http: HTTP/1.x transport connection broken: malformed HTTP response \"Unauthorized\"" connIndex=0 dest=https://consequence-pending-medieval-writes.trycloudflare.com/_next/hmr?id=U2hIFnZVugEfS7Rk2iGcy event=0 ip=2606:4700:a8::8 type=ws
2026-08-20T07:32:00Z ERR  error="Unable to reach the origin service. The service may be down or it may not be responding to traffic from cloudflared: net/http: HTTP/1.x transport connection broken: malformed HTTP response \"Unauthorized\"" connIndex=0 event=1 ingressRule=0 originService=http://localhost:3000
2026-08-20T07:32:00Z ERR Request failed error="Unable to reach the origin service. The service may be down or it may not be responding to traffic from cloudflared: net/http: HTTP/1.x transport connection broken: malformed HTTP response \"Unauthorized\"" connIndex=0 dest=https://consequence-pending-medieval-writes.trycloudflare.com/_next/hmr?id=U2hIFnZVugEfS7Rk2iGcy event=0 ip=2606:4700:a8::8 type=ws
2026-08-20T07:32:02Z ERR  error="Unable to reach the origin service. The service may be down or it may not be responding to traffic from cloudflared: net/http: HTTP/1.x transport connection broken: malformed HTTP response \"Unauthorized\"" connIndex=0 event=1 ingressRule=0 originService=http://localhost:3000
2026-08-20T07:32:02Z ERR Request failed error="Unable to reach the origin service. The service may be down or it may not be responding to traffic from cloudflared: net/http: HTTP/1.x transport connection broken: malformed HTTP response \"Unauthorized\"" connIndex=0 dest=https://consequence-pending-medieval-writes.trycloudflare.com/_next/hmr?id=U2hIFnZVugEfS7Rk2iGcy event=0 ip=2606:4700:a8::8 type=ws
2026-08-20T07:32:08Z ERR  error="Unable to reach the origin service. The service may be down or it may not be responding to traffic from cloudflared: net/http: HTTP/1.x transport connection broken: malformed HTTP response \"Unauthorized\"" connIndex=0 event=1 ingressRule=0 originService=http://localhost:3000
2026-08-20T07:32:08Z ERR Request failed error="Unable to reach the origin service. The service may be down or it may not be responding to traffic from cloudflared: net/http: HTTP/1.x transport connection broken: malformed HTTP response \"Unauthorized\"" connIndex=0 dest=https://consequence-pending-medieval-writes.trycloudflare.com/_next/hmr?id=U2hIFnZVugEfS7Rk2iGcy event=0 ip=2606:4700:a8::8 type=ws
2026-08-20T07:32:14Z ERR  error="Unable to reach the origin service. The service may be down or it may not be responding to traffic from cloudflared: net/http: HTTP/1.x transport connection broken: malformed HTTP response \"Unauthorized\"" connIndex=0 event=1 ingressRule=0 originService=http://localhost:3000
2026-08-20T07:32:14Z ERR Request failed error="Unable to reach the origin service. The service may be down or it may not be responding to traffic from cloudflared: net/http: HTTP/1.x transport connection broken: malformed HTTP response \"Unauthorized\"" connIndex=0 dest=https://consequence-pending-medieval-writes.trycloudflare.com/_next/hmr?id=U2hIFnZVugEfS7Rk2iGcy event=0 ip=2606:4700:a8::8 type=ws
2026-08-20T07:32:20Z ERR  error="Unable to reach the origin service. The service may be down or it may not be responding to traffic from cloudflared: net/http: HTTP/1.x transport connection broken: malformed HTTP response \"Unauthorized\"" connIndex=0 event=1 ingressRule=0 originService=http://localhost:3000
2026-08-20T07:32:20Z ERR Request failed error="Unable to reach the origin service. The service may be down or it may not be responding to traffic from cloudflared: net/http: HTTP/1.x transport connection broken: malformed HTTP response \"Unauthorized\"" connIndex=0 dest=https://consequence-pending-medieval-writes.trycloudflare.com/_next/hmr?id=U2hIFnZVugEfS7Rk2iGcy event=0 ip=2606:4700:a8::8 type=ws
2026-08-20T07:32:26Z ERR  error="Unable to reach the origin service. The service may be down or it may not be responding to traffic from cloudflared: net/http: HTTP/1.x transport connection broken: malformed HTTP response \"Unauthorized\"" connIndex=0 event=1 ingressRule=0 originService=http://localhost:3000
2026-08-20T07:32:26Z ERR Request failed error="Unable to reach the origin service. The service may be down or it may not be responding to traffic from cloudflared: net/http: HTTP/1.x transport connection broken: malformed HTTP response \"Unauthorized\"" connIndex=0 dest=https://consequence-pending-medieval-writes.trycloudflare.com/_next/hmr?id=U2hIFnZVugEfS7Rk2iGcy event=0 ip=2606:4700:a8::8 type=ws
2026-08-20T07:32:29Z ERR  error="Unable to reach the origin service. The service may be down or it may not be responding to traffic from cloudflared: net/http: HTTP/1.x transport connection broken: malformed HTTP response \"Unauthorized\"" connIndex=0 event=1 ingressRule=0 originService=http://localhost:3000
2026-08-20T07:32:29Z ERR Request failed error="Unable to reach the origin service. The service may be down or it may not be responding to traffic from cloudflared: net/http: HTTP/1.x transport connection broken: malformed HTTP response \"Unauthorized\"" connIndex=0 dest=https://consequence-pending-medieval-writes.trycloudflare.com/_next/hmr?id=U2hIFnZVugEfS7Rk2iGcy event=0 ip=2606:4700:a8::8 type=ws
2026-08-20T07:32:31Z ERR  error="Unable to reach the origin service. The service may be down or it may not be responding to traffic from cloudflared: net/http: HTTP/1.x transport connection broken: malformed HTTP response \"Unauthorized\"" connIndex=0 event=1 ingressRule=0 originService=http://localhost:3000
2026-08-20T07:32:31Z ERR Request failed error="Unable to reach the origin service. The service may be down or it may not be responding to traffic from cloudflared: net/http: HTTP/1.x transport connection broken: malformed HTTP response \"Unauthorized\"" connIndex=0 dest=https://consequence-pending-medieval-writes.trycloudflare.com/_next/hmr?id=U2hIFnZVugEfS7Rk2iGcy event=0 ip=2606:4700:a8::8 type=ws
2026-08-20T07:32:32Z ERR  error="Unable to reach the origin service. The service may be down or it may not be responding to traffic from cloudflared: net/http: HTTP/1.x transport connection broken: malformed HTTP response \"Unauthorized\"" connIndex=0 event=1 ingressRule=0 originService=http://localhost:3000
2026-08-20T07:32:32Z ERR Request failed error="Unable to reach the origin service. The service may be down or it may not be responding to traffic from cloudflared: net/http: HTTP/1.x transport connection broken: malformed HTTP response \"Unauthorized\"" connIndex=0 dest=https://consequence-pending-medieval-writes.trycloudflare.com/_next/hmr?id=U2hIFnZVugEfS7Rk2iGcy event=0 ip=2606:4700:a8::8 type=ws
2026-08-20T07:32:34Z ERR  error="Unable to reach the origin service. The service may be down or it may not be responding to traffic from cloudflared: net/http: HTTP/1.x transport connection broken: malformed HTTP response \"Unauthorized\"" connIndex=0 event=1 ingressRule=0 originService=http://localhost:3000
2026-08-20T07:32:34Z ERR Request failed error="Unable to reach the origin service. The service may be down or it may not be responding to traffic from cloudflared: net/http: HTTP/1.x transport connection broken: malformed HTTP response \"Unauthorized\"" connIndex=0 dest=https://consequence-pending-medieval-writes.trycloudflare.com/_next/hmr?id=U2hIFnZVugEfS7Rk2iGcy event=0 ip=2606:4700:a8::8 type=ws
2026-08-20T07:32:38Z ERR  error="Unable to reach the origin service. The service may be down or it may not be responding to traffic from cloudflared: net/http: HTTP/1.x transport connection broken: malformed HTTP response \"Unauthorized\"" connIndex=0 event=1 ingressRule=0 originService=http://localhost:3000
2026-08-20T07:32:38Z ERR Request failed error="Unable to reach the origin service. The service may be down or it may not be responding to traffic from cloudflared: net/http: HTTP/1.x transport connection broken: malformed HTTP response \"Unauthorized\"" connIndex=0 dest=https://consequence-pending-medieval-writes.trycloudflare.com/_next/hmr?id=U2hIFnZVugEfS7Rk2iGcy event=0 ip=2606:4700:a8::8 type=ws
2026-08-20T07:32:40Z ERR  error="Unable to reach the origin service. The service may be down or it may not be responding to traffic from cloudflared: net/http: HTTP/1.x transport connection broken: malformed HTTP response \"Unauthorized\"" connIndex=0 event=1 ingressRule=0 originService=http://localhost:3000
2026-08-20T07:32:40Z ERR Request failed error="Unable to reach the origin service. The service may be down or it may not be responding to traffic from cloudflared: net/http: HTTP/1.x transport connection broken: malformed HTTP response \"Unauthorized\"" connIndex=0 dest=https://consequence-pending-medieval-writes.trycloudflare.com/_next/hmr?id=U2hIFnZVugEfS7Rk2iGcy event=0 ip=2606:4700:a8::8 type=ws
2026-08-20T07:32:48Z ERR  error="Unable to reach the origin service. The service may be down or it may not be responding to traffic from cloudflared: net/http: HTTP/1.x transport connection broken: malformed HTTP response \"Unauthorized\"" connIndex=0 event=1 ingressRule=0 originService=http://localhost:3000
2026-08-20T07:32:48Z ERR Request failed error="Unable to reach the origin service. The service may be down or it may not be responding to traffic from cloudflared: net/http: HTTP/1.x transport connection broken: malformed HTTP response \"Unauthorized\"" connIndex=0 dest=https://consequence-pending-medieval-writes.trycloudflare.com/_next/hmr?id=U2hIFnZVugEfS7Rk2iGcy event=0 ip=2606:4700:a8::8 type=ws
2026-08-20T07:32:57Z ERR  error="Unable to reach the origin service. The service may be down or it may not be responding to traffic from cloudflared: net/http: HTTP/1.x transport connection broken: malformed HTTP response \"Unauthorized\"" connIndex=0 event=1 ingressRule=0 originService=http://localhost:3000
2026-08-20T07:32:57Z ERR Request failed error="Unable to reach the origin service. The service may be down or it may not be responding to traffic from cloudflared: net/http: HTTP/1.x transport connection broken: malformed HTTP response \"Unauthorized\"" connIndex=0 dest=https://consequence-pending-medieval-writes.trycloudflare.com/_next/hmr?id=U2hIFnZVugEfS7Rk2iGcy event=0 ip=2606:4700:a8::8 type=ws
2026-08-20T07:33:05Z ERR  error="Unable to reach the origin service. The service may be down or it may not be responding to traffic from cloudflared: net/http: HTTP/1.x transport connection broken: malformed HTTP response \"Unauthorized\"" connIndex=0 event=1 ingressRule=0 originService=http://localhost:3000
2026-08-20T07:33:05Z ERR Request failed error="Unable to reach the origin service. The service may be down or it may not be responding to traffic from cloudflared: net/http: HTTP/1.x transport connection broken: malformed HTTP response \"Unauthorized\"" connIndex=0 dest=https://consequence-pending-medieval-writes.trycloudflare.com/_next/hmr?id=U2hIFnZVugEfS7Rk2iGcy event=0 ip=2606:4700:a8::8 type=ws
2026-08-20T07:33:23Z ERR  error="Unable to reach the origin service. The service may be down or it may not be responding to traffic from cloudflared: net/http: HTTP/1.x transport connection broken: malformed HTTP response \"Unauthorized\"" connIndex=0 event=1 ingressRule=0 originService=http://localhost:3000
2026-08-20T07:33:23Z ERR Request failed error="Unable to reach the origin service. The service may be down or it may not be responding to traffic from cloudflared: net/http: HTTP/1.x transport connection broken: malformed HTTP response \"Unauthorized\"" connIndex=0 dest=https://consequence-pending-medieval-writes.trycloudflare.com/_next/hmr?id=U2hIFnZVugEfS7Rk2iGcy event=0 ip=2606:4700:a8::8 type=ws
2026-08-20T07:33:34Z ERR  error="Unable to reach the origin service. The service may be down or it may not be responding to traffic from cloudflared: net/http: HTTP/1.x transport connection broken: malformed HTTP response \"Unauthorized\"" connIndex=0 event=1 ingressRule=0 originService=http://localhost:3000
2026-08-20T07:33:34Z ERR Request failed error="Unable to reach the origin service. The service may be down or it may not be responding to traffic from cloudflared: net/http: HTTP/1.x transport connection broken: malformed HTTP response \"Unauthorized\"" connIndex=0 dest=https://consequence-pending-medieval-writes.trycloudflare.com/_next/hmr?id=U2hIFnZVugEfS7Rk2iGcy event=0 ip=2606:4700:a8::8 type=ws
2026-08-20T07:33:43Z ERR  error="Unable to reach the origin service. The service may be down or it may not be responding to traffic from cloudflared: net/http: HTTP/1.x transport connection broken: malformed HTTP response \"Unauthorized\"" connIndex=0 event=1 ingressRule=0 originService=http://localhost:3000
2026-08-20T07:33:43Z ERR Request failed error="Unable to reach the origin service. The service may be down or it may not be responding to traffic from cloudflared: net/http: HTTP/1.x transport connection broken: malformed HTTP response \"Unauthorized\"" connIndex=0 dest=https://consequence-pending-medieval-writes.trycloudflare.com/_next/hmr?id=U2hIFnZVugEfS7Rk2iGcy event=0 ip=2606:4700:a8::8 type=ws
2026-08-20T07:33:53Z ERR  error="Unable to reach the origin service. The service may be down or it may not be responding to traffic from cloudflared: net/http: HTTP/1.x transport connection broken: malformed HTTP response \"Unauthorized\"" connIndex=0 event=1 ingressRule=0 originService=http://localhost:3000
2026-08-20T07:33:53Z ERR Request failed error="Unable to reach the origin service. The service may be down or it may not be responding to traffic from cloudflared: net/http: HTTP/1.x transport connection broken: malformed HTTP response \"Unauthorized\"" connIndex=0 dest=https://consequence-pending-medieval-writes.trycloudflare.com/_next/hmr?id=U2hIFnZVugEfS7Rk2iGcy event=0 ip=2606:4700:a8::8 type=ws
2026-08-20T07:33:58Z ERR  error="Unable to reach the origin service. The service may be down or it may not be responding to traffic from cloudflared: net/http: HTTP/1.x transport connection broken: malformed HTTP response \"Unauthorized\"" connIndex=0 event=1 ingressRule=0 originService=http://localhost:3000
2026-08-20T07:33:58Z ERR Request failed error="Unable to reach the origin service. The service may be down or it may not be responding to traffic from cloudflared: net/http: HTTP/1.x transport connection broken: malformed HTTP response \"Unauthorized\"" connIndex=0 dest=https://consequence-pending-medieval-writes.trycloudflare.com/_next/hmr?id=U2hIFnZVugEfS7Rk2iGcy event=0 ip=2606:4700:a8::8 type=ws
2026-08-20T07:34:04Z ERR  error="Unable to reach the origin service. The service may be down or it may not be responding to traffic from cloudflared: net/http: HTTP/1.x transport connection broken: malformed HTTP response \"Unauthorized\"" connIndex=0 event=1 ingressRule=0 originService=http://localhost:3000
2026-08-20T07:34:04Z ERR Request failed error="Unable to reach the origin service. The service may be down or it may not be responding to traffic from cloudflared: net/http: HTTP/1.x transport connection broken: malformed HTTP response \"Unauthorized\"" connIndex=0 dest=https://consequence-pending-medieval-writes.trycloudflare.com/_next/hmr?id=U2hIFnZVugEfS7Rk2iGcy event=0 ip=2606:4700:a8::8 type=ws
2026-08-20T07:34:10Z ERR  error="Unable to reach the origin service. The service may be down or it may not be responding to traffic from cloudflared: net/http: HTTP/1.x transport connection broken: malformed HTTP response \"Unauthorized\"" connIndex=0 event=1 ingressRule=0 originService=http://localhost:3000
2026-08-20T07:34:10Z ERR Request failed error="Unable to reach the origin service. The service may be down or it may not be responding to traffic from cloudflared: net/http: HTTP/1.x transport connection broken: malformed HTTP response \"Unauthorized\"" connIndex=0 dest=https://consequence-pending-medieval-writes.trycloudflare.com/_next/hmr?id=U2hIFnZVugEfS7Rk2iGcy event=0 ip=2606:4700:a8::8 type=ws
2026-08-20T07:34:11Z ERR  error="Unable to reach the origin service. The service may be down or it may not be responding to traffic from cloudflared: EOF" connIndex=0 event=1 ingressRule=0 originService=http://localhost:3000
2026-08-20T07:34:11Z ERR Request failed error="Unable to reach the origin service. The service may be down or it may not be responding to traffic from cloudflared: EOF" connIndex=0 dest=https://consequence-pending-medieval-writes.trycloudflare.com/ event=0 ip=2606:4700:a8::8 type=http
2026-08-20T07:34:11Z ERR  error="Unable to reach the origin service. The service may be down or it may not be responding to traffic from cloudflared: dial tcp [::1]:3000: connect: connection refused" connIndex=0 event=1 ingressRule=0 originService=http://localhost:3000
2026-08-20T07:34:11Z ERR Request failed error="Unable to reach the origin service. The service may be down or it may not be responding to traffic from cloudflared: dial tcp [::1]:3000: connect: connection refused" connIndex=0 dest=https://consequence-pending-medieval-writes.trycloudflare.com/favicon.ico event=0 ip=2606:4700:a8::8 type=http
2026-08-20T07:34:29Z ERR  error="Incoming request ended abruptly: context canceled" connIndex=0 event=1 ingressRule=0 originService=http://localhost:3000
2026-08-20T07:34:29Z ERR Request failed error="Incoming request ended abruptly: context canceled" connIndex=0 dest=https://consequence-pending-medieval-writes.trycloudflare.com/ event=0 ip=2606:4700:a8::8 type=http
2026-08-20T07:34:29Z ERR  error="Incoming request ended abruptly: context canceled" connIndex=0 event=1 ingressRule=0 originService=http://localhost:3000
2026-08-20T07:34:29Z ERR Request failed error="Incoming request ended abruptly: context canceled" connIndex=0 dest=https://consequence-pending-medieval-writes.trycloudflare.com/ event=0 ip=2606:4700:a8::8 type=http
2026-08-20T07:34:30Z ERR  error="Incoming request ended abruptly: context canceled" connIndex=0 event=1 ingressRule=0 originService=http://localhost:3000
2026-08-20T07:34:30Z ERR Request failed error="Incoming request ended abruptly: context canceled" connIndex=0 dest=https://consequence-pending-medieval-writes.trycloudflare.com/ event=0 ip=2606:4700:a8::8 type=http
2026-08-20T07:34:30Z ERR  error="Incoming request ended abruptly: context canceled" connIndex=0 event=1 ingressRule=0 originService=http://localhost:3000
2026-08-20T07:34:30Z ERR Request failed error="Incoming request ended abruptly: context canceled" connIndex=0 dest=https://consequence-pending-medieval-writes.trycloudflare.com/ event=0 ip=2606:4700:a8::8 type=http
2026-08-20T07:34:30Z ERR  error="Incoming request ended abruptly: context canceled" connIndex=0 event=1 ingressRule=0 originService=http://localhost:3000
2026-08-20T07:34:30Z ERR Request failed error="Incoming request ended abruptly: context canceled" connIndex=0 dest=https://consequence-pending-medieval-writes.trycloudflare.com/ event=0 ip=2606:4700:a8::8 type=http
2026-08-20T07:34:30Z ERR  error="Incoming request ended abruptly: context canceled" connIndex=0 event=1 ingressRule=0 originService=http://localhost:3000
2026-08-20T07:34:30Z ERR Request failed error="Incoming request ended abruptly: context canceled" connIndex=0 dest=https://consequence-pending-medieval-writes.trycloudflare.com/ event=0 ip=2606:4700:a8::8 type=http
2026-08-20T07:34:30Z ERR  error="Incoming request ended abruptly: context canceled" connIndex=0 event=1 ingressRule=0 originService=http://localhost:3000
2026-08-20T07:34:30Z ERR Request failed error="Incoming request ended abruptly: context canceled" connIndex=0 dest=https://consequence-pending-medieval-writes.trycloudflare.com/ event=0 ip=2606:4700:a8::8 type=http
2026-08-20T07:34:31Z ERR  error="Incoming request ended abruptly: context canceled" connIndex=0 event=1 ingressRule=0 originService=http://localhost:3000
2026-08-20T07:34:31Z ERR Request failed error="Incoming request ended abruptly: context canceled" connIndex=0 dest=https://consequence-pending-medieval-writes.trycloudflare.com/ event=0 ip=2606:4700:a8::8 type=http
2026-08-20T07:34:31Z ERR  error="Unable to reach the origin service. The service may be down or it may not be responding to traffic from cloudflared: net/http: HTTP/1.x transport connection broken: malformed HTTP response \"Unauthorized\"" connIndex=0 event=1 ingressRule=0 originService=http://localhost:3000
2026-08-20T07:34:31Z ERR Request failed error="Unable to reach the origin service. The service may be down or it may not be responding to traffic from cloudflared: net/http: HTTP/1.x transport connection broken: malformed HTTP response \"Unauthorized\"" connIndex=0 dest=https://consequence-pending-medieval-writes.trycloudflare.com/_next/hmr?id=fpSLKoyABYp32LzoXHuAs event=0 ip=2606:4700:a8::8 type=ws
2026-08-20T07:34:33Z ERR  error="Unable to reach the origin service. The service may be down or it may not be responding to traffic from cloudflared: net/http: HTTP/1.x transport connection broken: malformed HTTP response \"Unauthorized\"" connIndex=0 event=1 ingressRule=0 originService=http://localhost:3000
2026-08-20T07:34:33Z ERR Request failed error="Unable to reach the origin service. The service may be down or it may not be responding to traffic from cloudflared: net/http: HTTP/1.x transport connection broken: malformed HTTP response \"Unauthorized\"" connIndex=0 dest=https://consequence-pending-medieval-writes.trycloudflare.com/_next/hmr?id=fpSLKoyABYp32LzoXHuAs event=0 ip=2606:4700:a8::8 type=ws
2026-08-20T07:34:35Z ERR  error="Unable to reach the origin service. The service may be down or it may not be responding to traffic from cloudflared: net/http: HTTP/1.x transport connection broken: malformed HTTP response \"Unauthorized\"" connIndex=0 event=1 ingressRule=0 originService=http://localhost:3000
2026-08-20T07:34:35Z ERR Request failed error="Unable to reach the origin service. The service may be down or it may not be responding to traffic from cloudflared: net/http: HTTP/1.x transport connection broken: malformed HTTP response \"Unauthorized\"" connIndex=0 dest=https://consequence-pending-medieval-writes.trycloudflare.com/_next/hmr?id=fpSLKoyABYp32LzoXHuAs event=0 ip=2606:4700:a8::8 type=ws
2026-08-20T07:34:37Z ERR  error="Unable to reach the origin service. The service may be down or it may not be responding to traffic from cloudflared: net/http: HTTP/1.x transport connection broken: malformed HTTP response \"Unauthorized\"" connIndex=0 event=1 ingressRule=0 originService=http://localhost:3000
2026-08-20T07:34:37Z ERR Request failed error="Unable to reach the origin service. The service may be down or it may not be responding to traffic from cloudflared: net/http: HTTP/1.x transport connection broken: malformed HTTP response \"Unauthorized\"" connIndex=0 dest=https://consequence-pending-medieval-writes.trycloudflare.com/_next/hmr?id=fpSLKoyABYp32LzoXHuAs event=0 ip=2606:4700:a8::8 type=ws
2026-08-20T07:34:39Z ERR  error="Unable to reach the origin service. The service may be down or it may not be responding to traffic from cloudflared: net/http: HTTP/1.x transport connection broken: malformed HTTP response \"Unauthorized\"" connIndex=0 event=1 ingressRule=0 originService=http://localhost:3000
2026-08-20T07:34:39Z ERR Request failed error="Unable to reach the origin service. The service may be down or it may not be responding to traffic from cloudflared: net/http: HTTP/1.x transport connection broken: malformed HTTP response \"Unauthorized\"" connIndex=0 dest=https://consequence-pending-medieval-writes.trycloudflare.com/_next/hmr?id=fpSLKoyABYp32LzoXHuAs event=0 ip=2606:4700:a8::8 type=ws
2026-08-20T07:34:41Z ERR  error="Unable to reach the origin service. The service may be down or it may not be responding to traffic from cloudflared: net/http: HTTP/1.x transport connection broken: malformed HTTP response \"Unauthorized\"" connIndex=0 event=1 ingressRule=0 originService=http://localhost:3000
2026-08-20T07:34:41Z ERR Request failed error="Unable to reach the origin service. The service may be down or it may not be responding to traffic from cloudflared: net/http: HTTP/1.x transport connection broken: malformed HTTP response \"Unauthorized\"" connIndex=0 dest=https://consequence-pending-medieval-writes.trycloudflare.com/_next/hmr?id=fpSLKoyABYp32LzoXHuAs event=0 ip=2606:4700:a8::8 type=ws
2026-08-20T07:34:47Z ERR  error="Unable to reach the origin service. The service may be down or it may not be responding to traffic from cloudflared: net/http: HTTP/1.x transport connection broken: malformed HTTP response \"Unauthorized\"" connIndex=0 event=1 ingressRule=0 originService=http://localhost:3000
2026-08-20T07:34:47Z ERR Request failed error="Unable to reach the origin service. The service may be down or it may not be responding to traffic from cloudflared: net/http: HTTP/1.x transport connection broken: malformed HTTP response \"Unauthorized\"" connIndex=0 dest=https://consequence-pending-medieval-writes.trycloudflare.com/_next/hmr?id=fpSLKoyABYp32LzoXHuAs event=0 ip=2606:4700:a8::8 type=ws
2026-08-20T07:34:53Z ERR  error="Unable to reach the origin service. The service may be down or it may not be responding to traffic from cloudflared: net/http: HTTP/1.x transport connection broken: malformed HTTP response \"Unauthorized\"" connIndex=0 event=1 ingressRule=0 originService=http://localhost:3000
2026-08-20T07:34:53Z ERR Request failed error="Unable to reach the origin service. The service may be down or it may not be responding to traffic from cloudflared: net/http: HTTP/1.x transport connection broken: malformed HTTP response \"Unauthorized\"" connIndex=0 dest=https://consequence-pending-medieval-writes.trycloudflare.com/_next/hmr?id=fpSLKoyABYp32LzoXHuAs event=0 ip=2606:4700:a8::8 type=ws
2026-08-20T07:34:59Z ERR  error="Unable to reach the origin service. The service may be down or it may not be responding to traffic from cloudflared: net/http: HTTP/1.x transport connection broken: malformed HTTP response \"Unauthorized\"" connIndex=0 event=1 ingressRule=0 originService=http://localhost:3000
2026-08-20T07:34:59Z ERR Request failed error="Unable to reach the origin service. The service may be down or it may not be responding to traffic from cloudflared: net/http: HTTP/1.x transport connection broken: malformed HTTP response \"Unauthorized\"" connIndex=0 dest=https://consequence-pending-medieval-writes.trycloudflare.com/_next/hmr?id=fpSLKoyABYp32LzoXHuAs event=0 ip=2606:4700:a8::8 type=ws
2026-08-20T07:35:06Z ERR  error="Unable to reach the origin service. The service may be down or it may not be responding to traffic from cloudflared: net/http: HTTP/1.x transport connection broken: malformed HTTP response \"Unauthorized\"" connIndex=0 event=1 ingressRule=0 originService=http://localhost:3000
2026-08-20T07:35:06Z ERR Request failed error="Unable to reach the origin service. The service may be down or it may not be responding to traffic from cloudflared: net/http: HTTP/1.x transport connection broken: malformed HTTP response \"Unauthorized\"" connIndex=0 dest=https://consequence-pending-medieval-writes.trycloudflare.com/_next/hmr?id=fpSLKoyABYp32LzoXHuAs event=0 ip=2606:4700:a8::8 type=ws
2026-08-20T07:35:12Z ERR  error="Unable to reach the origin service. The service may be down or it may not be responding to traffic from cloudflared: net/http: HTTP/1.x transport connection broken: malformed HTTP response \"Unauthorized\"" connIndex=0 event=1 ingressRule=0 originService=http://localhost:3000
2026-08-20T07:35:12Z ERR Request failed error="Unable to reach the origin service. The service may be down or it may not be responding to traffic from cloudflared: net/http: HTTP/1.x transport connection broken: malformed HTTP response \"Unauthorized\"" connIndex=0 dest=https://consequence-pending-medieval-writes.trycloudflare.com/_next/hmr?id=fpSLKoyABYp32LzoXHuAs event=0 ip=2606:4700:a8::8 type=ws
2026-08-20T07:35:18Z ERR  error="Unable to reach the origin service. The service may be down or it may not be responding to traffic from cloudflared: net/http: HTTP/1.x transport connection broken: malformed HTTP response \"Unauthorized\"" connIndex=0 event=1 ingressRule=0 originService=http://localhost:3000
2026-08-20T07:35:18Z ERR Request failed error="Unable to reach the origin service. The service may be down or it may not be responding to traffic from cloudflared: net/http: HTTP/1.x transport connection broken: malformed HTTP response \"Unauthorized\"" connIndex=0 dest=https://consequence-pending-medieval-writes.trycloudflare.com/_next/hmr?id=fpSLKoyABYp32LzoXHuAs event=0 ip=2606:4700:a8::8 type=ws
2026-08-20T07:35:26Z ERR  error="Unable to reach the origin service. The service may be down or it may not be responding to traffic from cloudflared: net/http: HTTP/1.x transport connection broken: malformed HTTP response \"Unauthorized\"" connIndex=0 event=1 ingressRule=0 originService=http://localhost:3000
2026-08-20T07:35:26Z ERR Request failed error="Unable to reach the origin service. The service may be down or it may not be responding to traffic from cloudflared: net/http: HTTP/1.x transport connection broken: malformed HTTP response \"Unauthorized\"" connIndex=0 dest=https://consequence-pending-medieval-writes.trycloudflare.com/_next/hmr?id=fpSLKoyABYp32LzoXHuAs event=0 ip=2606:4700:a8::8 type=ws
2026-08-20T07:36:24Z ERR  error="Unable to reach the origin service. The service may be down or it may not be responding to traffic from cloudflared: net/http: HTTP/1.x transport connection broken: malformed HTTP response \"Unauthorized\"" connIndex=0 event=1 ingressRule=0 originService=http://localhost:3000
2026-08-20T07:36:24Z ERR Request failed error="Unable to reach the origin service. The service may be down or it may not be responding to traffic from cloudflared: net/http: HTTP/1.x transport connection broken: malformed HTTP response \"Unauthorized\"" connIndex=0 dest=https://consequence-pending-medieval-writes.trycloudflare.com/_next/hmr?id=fpSLKoyABYp32LzoXHuAs event=0 ip=2606:4700:a8::8 type=ws
2026-08-20T07:36:26Z ERR  error="Unable to reach the origin service. The service may be down or it may not be responding to traffic from cloudflared: net/http: HTTP/1.x transport connection broken: malformed HTTP response \"Unauthorized\"" connIndex=0 event=1 ingressRule=0 originService=http://localhost:3000
2026-08-20T07:36:26Z ERR Request failed error="Unable to reach the origin service. The service may be down or it may not be responding to traffic from cloudflared: net/http: HTTP/1.x transport connection broken: malformed HTTP response \"Unauthorized\"" connIndex=0 dest=https://consequence-pending-medieval-writes.trycloudflare.com/_next/hmr?id=fpSLKoyABYp32LzoXHuAs event=0 ip=2606:4700:a8::8 type=ws
2026-08-20T07:36:26Z ERR  error="Incoming request ended abruptly: context canceled" connIndex=0 event=1 ingressRule=0 originService=http://localhost:3000
2026-08-20T07:36:26Z ERR Request failed error="Incoming request ended abruptly: context canceled" connIndex=0 dest=https://consequence-pending-medieval-writes.trycloudflare.com/ event=0 ip=2606:4700:a8::8 type=http
2026-08-20T07:36:27Z ERR  error="Unable to reach the origin service. The service may be down or it may not be responding to traffic from cloudflared: net/http: HTTP/1.x transport connection broken: malformed HTTP response \"Unauthorized\"" connIndex=0 event=1 ingressRule=0 originService=http://localhost:3000
2026-08-20T07:36:27Z ERR Request failed error="Unable to reach the origin service. The service may be down or it may not be responding to traffic from cloudflared: net/http: HTTP/1.x transport connection broken: malformed HTTP response \"Unauthorized\"" connIndex=0 dest=https://consequence-pending-medieval-writes.trycloudflare.com/_next/hmr?id=8Tg8G9A2hLYsFBMyj2uW4 event=0 ip=2606:4700:a8::8 type=ws
2026-08-20T07:36:29Z ERR  error="Unable to reach the origin service. The service may be down or it may not be responding to traffic from cloudflared: net/http: HTTP/1.x transport connection broken: malformed HTTP response \"Unauthorized\"" connIndex=0 event=1 ingressRule=0 originService=http://localhost:3000
2026-08-20T07:36:29Z ERR Request failed error="Unable to reach the origin service. The service may be down or it may not be responding to traffic from cloudflared: net/http: HTTP/1.x transport connection broken: malformed HTTP response \"Unauthorized\"" connIndex=0 dest=https://consequence-pending-medieval-writes.trycloudflare.com/_next/hmr?id=8Tg8G9A2hLYsFBMyj2uW4 event=0 ip=2606:4700:a8::8 type=ws
2026-08-20T07:36:30Z ERR  error="Unable to reach the origin service. The service may be down or it may not be responding to traffic from cloudflared: net/http: HTTP/1.x transport connection broken: malformed HTTP response \"Unauthorized\"" connIndex=0 event=1 ingressRule=0 originService=http://localhost:3000
2026-08-20T07:36:30Z ERR Request failed error="Unable to reach the origin service. The service may be down or it may not be responding to traffic from cloudflared: net/http: HTTP/1.x transport connection broken: malformed HTTP response \"Unauthorized\"" connIndex=0 dest=https://consequence-pending-medieval-writes.trycloudflare.com/_next/hmr?id=8Tg8G9A2hLYsFBMyj2uW4 event=0 ip=2606:4700:a8::8 type=ws
2026-08-20T07:36:31Z ERR  error="Unable to reach the origin service. The service may be down or it may not be responding to traffic from cloudflared: net/http: HTTP/1.x transport connection broken: malformed HTTP response \"Unauthorized\"" connIndex=0 event=1 ingressRule=0 originService=http://localhost:3000
2026-08-20T07:36:31Z ERR Request failed error="Unable to reach the origin service. The service may be down or it may not be responding to traffic from cloudflared: net/http: HTTP/1.x transport connection broken: malformed HTTP response \"Unauthorized\"" connIndex=0 dest=https://consequence-pending-medieval-writes.trycloudflare.com/_next/hmr?id=ksgrketRobwBbhrpV_SC5 event=0 ip=2606:4700:a8::8 type=ws
2026-08-20T07:36:33Z ERR  error="Unable to reach the origin service. The service may be down or it may not be responding to traffic from cloudflared: net/http: HTTP/1.x transport connection broken: malformed HTTP response \"Unauthorized\"" connIndex=0 event=1 ingressRule=0 originService=http://localhost:3000
2026-08-20T07:36:33Z ERR Request failed error="Unable to reach the origin service. The service may be down or it may not be responding to traffic from cloudflared: net/http: HTTP/1.x transport connection broken: malformed HTTP response \"Unauthorized\"" connIndex=0 dest=https://consequence-pending-medieval-writes.trycloudflare.com/_next/hmr?id=ksgrketRobwBbhrpV_SC5 event=0 ip=2606:4700:a8::8 type=ws
2026-08-20T07:36:34Z ERR  error="Unable to reach the origin service. The service may be down or it may not be responding to traffic from cloudflared: net/http: HTTP/1.x transport connection broken: malformed HTTP response \"Unauthorized\"" connIndex=0 event=1 ingressRule=0 originService=http://localhost:3000
2026-08-20T07:36:34Z ERR Request failed error="Unable to reach the origin service. The service may be down or it may not be responding to traffic from cloudflared: net/http: HTTP/1.x transport connection broken: malformed HTTP response \"Unauthorized\"" connIndex=0 dest=https://consequence-pending-medieval-writes.trycloudflare.com/_next/hmr?id=0v2ghM00p20apeo5lLJ-h event=0 ip=2606:4700:a8::8 type=ws
2026-08-20T07:36:36Z ERR  error="Unable to reach the origin service. The service may be down or it may not be responding to traffic from cloudflared: net/http: HTTP/1.x transport connection broken: malformed HTTP response \"Unauthorized\"" connIndex=0 event=1 ingressRule=0 originService=http://localhost:3000
2026-08-20T07:36:36Z ERR Request failed error="Unable to reach the origin service. The service may be down or it may not be responding to traffic from cloudflared: net/http: HTTP/1.x transport connection broken: malformed HTTP response \"Unauthorized\"" connIndex=0 dest=https://consequence-pending-medieval-writes.trycloudflare.com/_next/hmr?id=0v2ghM00p20apeo5lLJ-h event=0 ip=2606:4700:a8::8 type=ws
2026-08-20T07:36:37Z ERR  error="Unable to reach the origin service. The service may be down or it may not be responding to traffic from cloudflared: net/http: HTTP/1.x transport connection broken: malformed HTTP response \"Unauthorized\"" connIndex=0 event=1 ingressRule=0 originService=http://localhost:3000
2026-08-20T07:36:37Z ERR Request failed error="Unable to reach the origin service. The service may be down or it may not be responding to traffic from cloudflared: net/http: HTTP/1.x transport connection broken: malformed HTTP response \"Unauthorized\"" connIndex=0 dest=https://consequence-pending-medieval-writes.trycloudflare.com/_next/hmr?id=AQLcG_Jag9qNeCgm-YrBM event=0 ip=2606:4700:a8::8 type=ws
2026-08-20T07:36:39Z ERR  error="Unable to reach the origin service. The service may be down or it may not be responding to traffic from cloudflared: net/http: HTTP/1.x transport connection broken: malformed HTTP response \"Unauthorized\"" connIndex=0 event=1 ingressRule=0 originService=http://localhost:3000
2026-08-20T07:36:39Z ERR Request failed error="Unable to reach the origin service. The service may be down or it may not be responding to traffic from cloudflared: net/http: HTTP/1.x transport connection broken: malformed HTTP response \"Unauthorized\"" connIndex=0 dest=https://consequence-pending-medieval-writes.trycloudflare.com/_next/hmr?id=AQLcG_Jag9qNeCgm-YrBM event=0 ip=2606:4700:a8::8 type=ws
2026-08-20T07:36:41Z ERR  error="Unable to reach the origin service. The service may be down or it may not be responding to traffic from cloudflared: net/http: HTTP/1.x transport connection broken: malformed HTTP response \"Unauthorized\"" connIndex=0 event=1 ingressRule=0 originService=http://localhost:3000
2026-08-20T07:36:41Z ERR Request failed error="Unable to reach the origin service. The service may be down or it may not be responding to traffic from cloudflared: net/http: HTTP/1.x transport connection broken: malformed HTTP response \"Unauthorized\"" connIndex=0 dest=https://consequence-pending-medieval-writes.trycloudflare.com/_next/hmr?id=AQLcG_Jag9qNeCgm-YrBM event=0 ip=2606:4700:a8::8 type=ws
2026-08-20T07:36:49Z ERR  error="Unable to reach the origin service. The service may be down or it may not be responding to traffic from cloudflared: net/http: HTTP/1.x transport connection broken: malformed HTTP response \"Unauthorized\"" connIndex=0 event=1 ingressRule=0 originService=http://localhost:3000
2026-08-20T07:36:49Z ERR Request failed error="Unable to reach the origin service. The service may be down or it may not be responding to traffic from cloudflared: net/http: HTTP/1.x transport connection broken: malformed HTTP response \"Unauthorized\"" connIndex=0 dest=https://consequence-pending-medieval-writes.trycloudflare.com/_next/hmr?id=AQLcG_Jag9qNeCgm-YrBM event=0 ip=2606:4700:a8::8 type=ws
2026-08-20T07:36:55Z ERR  error="Unable to reach the origin service. The service may be down or it may not be responding to traffic from cloudflared: net/http: HTTP/1.x transport connection broken: malformed HTTP response \"Unauthorized\"" connIndex=0 event=1 ingressRule=0 originService=http://localhost:3000
2026-08-20T07:36:55Z ERR Request failed error="Unable to reach the origin service. The service may be down or it may not be responding to traffic from cloudflared: net/http: HTTP/1.x transport connection broken: malformed HTTP response \"Unauthorized\"" connIndex=0 dest=https://consequence-pending-medieval-writes.trycloudflare.com/_next/hmr?id=AQLcG_Jag9qNeCgm-YrBM event=0 ip=2606:4700:a8::8 type=ws
2026-08-20T07:37:03Z ERR  error="Unable to reach the origin service. The service may be down or it may not be responding to traffic from cloudflared: net/http: HTTP/1.x transport connection broken: malformed HTTP response \"Unauthorized\"" connIndex=0 event=1 ingressRule=0 originService=http://localhost:3000
2026-08-20T07:37:03Z ERR Request failed error="Unable to reach the origin service. The service may be down or it may not be responding to traffic from cloudflared: net/http: HTTP/1.x transport connection broken: malformed HTTP response \"Unauthorized\"" connIndex=0 dest=https://consequence-pending-medieval-writes.trycloudflare.com/_next/hmr?id=AQLcG_Jag9qNeCgm-YrBM event=0 ip=2606:4700:a8::8 type=ws
2026-08-20T07:37:11Z ERR  error="Unable to reach the origin service. The service may be down or it may not be responding to traffic from cloudflared: net/http: HTTP/1.x transport connection broken: malformed HTTP response \"Unauthorized\"" connIndex=0 event=1 ingressRule=0 originService=http://localhost:3000
2026-08-20T07:37:11Z ERR Request failed error="Unable to reach the origin service. The service may be down or it may not be responding to traffic from cloudflared: net/http: HTTP/1.x transport connection broken: malformed HTTP response \"Unauthorized\"" connIndex=0 dest=https://consequence-pending-medieval-writes.trycloudflare.com/_next/hmr?id=AQLcG_Jag9qNeCgm-YrBM event=0 ip=2606:4700:a8::8 type=ws
2026-08-20T07:37:17Z ERR  error="Unable to reach the origin service. The service may be down or it may not be responding to traffic from cloudflared: net/http: HTTP/1.x transport connection broken: malformed HTTP response \"Unauthorized\"" connIndex=0 event=1 ingressRule=0 originService=http://localhost:3000
2026-08-20T07:37:17Z ERR Request failed error="Unable to reach the origin service. The service may be down or it may not be responding to traffic from cloudflared: net/http: HTTP/1.x transport connection broken: malformed HTTP response \"Unauthorized\"" connIndex=0 dest=https://consequence-pending-medieval-writes.trycloudflare.com/_next/hmr?id=AQLcG_Jag9qNeCgm-YrBM event=0 ip=2606:4700:a8::8 type=ws
2026-08-20T07:37:27Z ERR  error="Unable to reach the origin service. The service may be down or it may not be responding to traffic from cloudflared: net/http: HTTP/1.x transport connection broken: malformed HTTP response \"Unauthorized\"" connIndex=0 event=1 ingressRule=0 originService=http://localhost:3000
2026-08-20T07:37:27Z ERR Request failed error="Unable to reach the origin service. The service may be down or it may not be responding to traffic from cloudflared: net/http: HTTP/1.x transport connection broken: malformed HTTP response \"Unauthorized\"" connIndex=0 dest=https://consequence-pending-medieval-writes.trycloudflare.com/_next/hmr?id=AQLcG_Jag9qNeCgm-YrBM event=0 ip=2606:4700:a8::8 type=ws
2026-08-20T07:37:37Z ERR  error="Unable to reach the origin service. The service may be down or it may not be responding to traffic from cloudflared: net/http: HTTP/1.x transport connection broken: malformed HTTP response \"Unauthorized\"" connIndex=0 event=1 ingressRule=0 originService=http://localhost:3000
2026-08-20T07:37:37Z ERR Request failed error="Unable to reach the origin service. The service may be down or it may not be responding to traffic from cloudflared: net/http: HTTP/1.x transport connection broken: malformed HTTP response \"Unauthorized\"" connIndex=0 dest=https://consequence-pending-medieval-writes.trycloudflare.com/_next/hmr?id=AQLcG_Jag9qNeCgm-YrBM event=0 ip=2606:4700:a8::8 type=ws
2026-08-20T07:37:41Z ERR  error="Unable to reach the origin service. The service may be down or it may not be responding to traffic from cloudflared: net/http: HTTP/1.x transport connection broken: malformed HTTP response \"Unauthorized\"" connIndex=0 event=1 ingressRule=0 originService=http://localhost:3000
2026-08-20T07:37:41Z ERR Request failed error="Unable to reach the origin service. The service may be down or it may not be responding to traffic from cloudflared: net/http: HTTP/1.x transport connection broken: malformed HTTP response \"Unauthorized\"" connIndex=0 dest=https://consequence-pending-medieval-writes.trycloudflare.com/_next/hmr?id=d7VJjR4atJObLHiVE9DWS event=0 ip=2606:4700:a8::8 type=ws
2026-08-20T07:37:44Z ERR  error="Unable to reach the origin service. The service may be down or it may not be responding to traffic from cloudflared: net/http: HTTP/1.x transport connection broken: malformed HTTP response \"Unauthorized\"" connIndex=0 event=1 ingressRule=0 originService=http://localhost:3000
2026-08-20T07:37:44Z ERR Request failed error="Unable to reach the origin service. The service may be down or it may not be responding to traffic from cloudflared: net/http: HTTP/1.x transport connection broken: malformed HTTP response \"Unauthorized\"" connIndex=0 dest=https://consequence-pending-medieval-writes.trycloudflare.com/_next/hmr?id=d7VJjR4atJObLHiVE9DWS event=0 ip=2606:4700:a8::8 type=ws
2026-08-20T07:37:51Z ERR  error="Unable to reach the origin service. The service may be down or it may not be responding to traffic from cloudflared: net/http: HTTP/1.x transport connection broken: malformed HTTP response \"Unauthorized\"" connIndex=0 event=1 ingressRule=0 originService=http://localhost:3000
2026-08-20T07:37:51Z ERR Request failed error="Unable to reach the origin service. The service may be down or it may not be responding to traffic from cloudflared: net/http: HTTP/1.x transport connection broken: malformed HTTP response \"Unauthorized\"" connIndex=0 dest=https://consequence-pending-medieval-writes.trycloudflare.com/_next/hmr?id=d7VJjR4atJObLHiVE9DWS event=0 ip=2606:4700:a8::8 type=ws
2026-08-20T07:37:56Z ERR  error="Unable to reach the origin service. The service may be down or it may not be responding to traffic from cloudflared: net/http: HTTP/1.x transport connection broken: malformed HTTP response \"Unauthorized\"" connIndex=0 event=1 ingressRule=0 originService=http://localhost:3000
2026-08-20T07:37:56Z ERR Request failed error="Unable to reach the origin service. The service may be down or it may not be responding to traffic from cloudflared: net/http: HTTP/1.x transport connection broken: malformed HTTP response \"Unauthorized\"" connIndex=0 dest=https://consequence-pending-medieval-writes.trycloudflare.com/_next/hmr?id=d7VJjR4atJObLHiVE9DWS event=0 ip=2606:4700:a8::8 type=ws
2026-08-20T07:38:02Z ERR  error="Unable to reach the origin service. The service may be down or it may not be responding to traffic from cloudflared: net/http: HTTP/1.x transport connection broken: malformed HTTP response \"Unauthorized\"" connIndex=0 event=1 ingressRule=0 originService=http://localhost:3000
2026-08-20T07:38:02Z ERR Request failed error="Unable to reach the origin service. The service may be down or it may not be responding to traffic from cloudflared: net/http: HTTP/1.x transport connection broken: malformed HTTP response \"Unauthorized\"" connIndex=0 dest=https://consequence-pending-medieval-writes.trycloudflare.com/_next/hmr?id=d7VJjR4atJObLHiVE9DWS event=0 ip=2606:4700:a8::8 type=ws
2026-08-20T07:38:08Z ERR  error="Unable to reach the origin service. The service may be down or it may not be responding to traffic from cloudflared: net/http: HTTP/1.x transport connection broken: malformed HTTP response \"Unauthorized\"" connIndex=0 event=1 ingressRule=0 originService=http://localhost:3000
2026-08-20T07:38:08Z ERR Request failed error="Unable to reach the origin service. The service may be down or it may not be responding to traffic from cloudflared: net/http: HTTP/1.x transport connection broken: malformed HTTP response \"Unauthorized\"" connIndex=0 dest=https://consequence-pending-medieval-writes.trycloudflare.com/_next/hmr?id=d7VJjR4atJObLHiVE9DWS event=0 ip=2606:4700:a8::8 type=ws
2026-08-20T07:38:15Z ERR  error="Unable to reach the origin service. The service may be down or it may not be responding to traffic from cloudflared: net/http: HTTP/1.x transport connection broken: malformed HTTP response \"Unauthorized\"" connIndex=0 event=1 ingressRule=0 originService=http://localhost:3000
2026-08-20T07:38:15Z ERR Request failed error="Unable to reach the origin service. The service may be down or it may not be responding to traffic from cloudflared: net/http: HTTP/1.x transport connection broken: malformed HTTP response \"Unauthorized\"" connIndex=0 dest=https://consequence-pending-medieval-writes.trycloudflare.com/_next/hmr?id=d7VJjR4atJObLHiVE9DWS event=0 ip=2606:4700:a8::8 type=ws
2026-08-20T07:38:24Z ERR  error="Unable to reach the origin service. The service may be down or it may not be responding to traffic from cloudflared: net/http: HTTP/1.x transport connection broken: malformed HTTP response \"Unauthorized\"" connIndex=0 event=1 ingressRule=0 originService=http://localhost:3000
2026-08-20T07:38:24Z ERR Request failed error="Unable to reach the origin service. The service may be down or it may not be responding to traffic from cloudflared: net/http: HTTP/1.x transport connection broken: malformed HTTP response \"Unauthorized\"" connIndex=0 dest=https://consequence-pending-medieval-writes.trycloudflare.com/_next/hmr?id=d7VJjR4atJObLHiVE9DWS event=0 ip=2606:4700:a8::8 type=ws
2026-08-20T07:38:29Z ERR  error="Unable to reach the origin service. The service may be down or it may not be responding to traffic from cloudflared: net/http: HTTP/1.x transport connection broken: malformed HTTP response \"Unauthorized\"" connIndex=0 event=1 ingressRule=0 originService=http://localhost:3000
2026-08-20T07:38:29Z ERR Request failed error="Unable to reach the origin service. The service may be down or it may not be responding to traffic from cloudflared: net/http: HTTP/1.x transport connection broken: malformed HTTP response \"Unauthorized\"" connIndex=0 dest=https://consequence-pending-medieval-writes.trycloudflare.com/_next/hmr?id=d7VJjR4atJObLHiVE9DWS event=0 ip=2606:4700:a8::8 type=ws
2026-08-20T07:38:35Z ERR  error="Unable to reach the origin service. The service may be down or it may not be responding to traffic from cloudflared: net/http: HTTP/1.x transport connection broken: malformed HTTP response \"Unauthorized\"" connIndex=0 event=1 ingressRule=0 originService=http://localhost:3000
2026-08-20T07:38:35Z ERR Request failed error="Unable to reach the origin service. The service may be down or it may not be responding to traffic from cloudflared: net/http: HTTP/1.x transport connection broken: malformed HTTP response \"Unauthorized\"" connIndex=0 dest=https://consequence-pending-medieval-writes.trycloudflare.com/_next/hmr?id=d7VJjR4atJObLHiVE9DWS event=0 ip=2606:4700:a8::8 type=ws
2026-08-20T07:38:41Z ERR  error="Unable to reach the origin service. The service may be down or it may not be responding to traffic from cloudflared: net/http: HTTP/1.x transport connection broken: malformed HTTP response \"Unauthorized\"" connIndex=0 event=1 ingressRule=0 originService=http://localhost:3000
2026-08-20T07:38:41Z ERR Request failed error="Unable to reach the origin service. The service may be down or it may not be responding to traffic from cloudflared: net/http: HTTP/1.x transport connection broken: malformed HTTP response \"Unauthorized\"" connIndex=0 dest=https://consequence-pending-medieval-writes.trycloudflare.com/_next/hmr?id=d7VJjR4atJObLHiVE9DWS event=0 ip=2606:4700:a8::8 type=ws
2026-08-20T07:38:47Z ERR  error="Unable to reach the origin service. The service may be down or it may not be responding to traffic from cloudflared: net/http: HTTP/1.x transport connection broken: malformed HTTP response \"Unauthorized\"" connIndex=0 event=1 ingressRule=0 originService=http://localhost:3000
2026-08-20T07:38:47Z ERR Request failed error="Unable to reach the origin service. The service may be down or it may not be responding to traffic from cloudflared: net/http: HTTP/1.x transport connection broken: malformed HTTP response \"Unauthorized\"" connIndex=0 dest=https://consequence-pending-medieval-writes.trycloudflare.com/_next/hmr?id=d7VJjR4atJObLHiVE9DWS event=0 ip=2606:4700:a8::8 type=ws
2026-08-20T07:38:53Z ERR  error="Unable to reach the origin service. The service may be down or it may not be responding to traffic from cloudflared: net/http: HTTP/1.x transport connection broken: malformed HTTP response \"Unauthorized\"" connIndex=0 event=1 ingressRule=0 originService=http://localhost:3000
2026-08-20T07:38:53Z ERR Request failed error="Unable to reach the origin service. The service may be down or it may not be responding to traffic from cloudflared: net/http: HTTP/1.x transport connection broken: malformed HTTP response \"Unauthorized\"" connIndex=0 dest=https://consequence-pending-medieval-writes.trycloudflare.com/_next/hmr?id=d7VJjR4atJObLHiVE9DWS event=0 ip=2606:4700:a8::8 type=ws
2026-08-20T07:38:56Z ERR  error="Unable to reach the origin service. The service may be down or it may not be responding to traffic from cloudflared: net/http: HTTP/1.x transport connection broken: malformed HTTP response \"Unauthorized\"" connIndex=0 event=1 ingressRule=0 originService=http://localhost:3000
2026-08-20T07:38:56Z ERR Request failed error="Unable to reach the origin service. The service may be down or it may not be responding to traffic from cloudflared: net/http: HTTP/1.x transport connection broken: malformed HTTP response \"Unauthorized\"" connIndex=0 dest=https://consequence-pending-medieval-writes.trycloudflare.com/_next/hmr?id=K2Sai_xtkCEQ0q25lAQBO event=0 ip=2606:4700:a8::8 type=ws
2026-08-20T07:38:57Z ERR  error="Unable to reach the origin service. The service may be down or it may not be responding to traffic from cloudflared: net/http: HTTP/1.x transport connection broken: malformed HTTP response \"Unauthorized\"" connIndex=0 event=1 ingressRule=0 originService=http://localhost:3000
2026-08-20T07:38:57Z ERR Request failed error="Unable to reach the origin service. The service may be down or it may not be responding to traffic from cloudflared: net/http: HTTP/1.x transport connection broken: malformed HTTP response \"Unauthorized\"" connIndex=0 dest=https://consequence-pending-medieval-writes.trycloudflare.com/_next/hmr?id=K2Sai_xtkCEQ0q25lAQBO event=0 ip=2606:4700:a8::8 type=ws
2026-08-20T07:38:59Z ERR  error="Unable to reach the origin service. The service may be down or it may not be responding to traffic from cloudflared: net/http: HTTP/1.x transport connection broken: malformed HTTP response \"Unauthorized\"" connIndex=0 event=1 ingressRule=0 originService=http://localhost:3000
2026-08-20T07:38:59Z ERR Request failed error="Unable to reach the origin service. The service may be down or it may not be responding to traffic from cloudflared: net/http: HTTP/1.x transport connection broken: malformed HTTP response \"Unauthorized\"" connIndex=0 dest=https://consequence-pending-medieval-writes.trycloudflare.com/_next/hmr?id=K2Sai_xtkCEQ0q25lAQBO event=0 ip=2606:4700:a8::8 type=ws
2026-08-20T07:39:01Z ERR  error="Unable to reach the origin service. The service may be down or it may not be responding to traffic from cloudflared: net/http: HTTP/1.x transport connection broken: malformed HTTP response \"Unauthorized\"" connIndex=0 event=1 ingressRule=0 originService=http://localhost:3000
2026-08-20T07:39:01Z ERR Request failed error="Unable to reach the origin service. The service may be down or it may not be responding to traffic from cloudflared: net/http: HTTP/1.x transport connection broken: malformed HTTP response \"Unauthorized\"" connIndex=0 dest=https://consequence-pending-medieval-writes.trycloudflare.com/_next/hmr?id=K2Sai_xtkCEQ0q25lAQBO event=0 ip=2606:4700:a8::8 type=ws
2026-08-20T07:39:03Z ERR  error="Unable to reach the origin service. The service may be down or it may not be responding to traffic from cloudflared: net/http: HTTP/1.x transport connection broken: malformed HTTP response \"Unauthorized\"" connIndex=0 event=1 ingressRule=0 originService=http://localhost:3000
2026-08-20T07:39:03Z ERR Request failed error="Unable to reach the origin service. The service may be down or it may not be responding to traffic from cloudflared: net/http: HTTP/1.x transport connection broken: malformed HTTP response \"Unauthorized\"" connIndex=0 dest=https://consequence-pending-medieval-writes.trycloudflare.com/_next/hmr?id=K2Sai_xtkCEQ0q25lAQBO event=0 ip=2606:4700:a8::8 type=ws
2026-08-20T07:39:05Z ERR  error="Unable to reach the origin service. The service may be down or it may not be responding to traffic from cloudflared: net/http: HTTP/1.x transport connection broken: malformed HTTP response \"Unauthorized\"" connIndex=0 event=1 ingressRule=0 originService=http://localhost:3000
2026-08-20T07:39:05Z ERR Request failed error="Unable to reach the origin service. The service may be down or it may not be responding to traffic from cloudflared: net/http: HTTP/1.x transport connection broken: malformed HTTP response \"Unauthorized\"" connIndex=0 dest=https://consequence-pending-medieval-writes.trycloudflare.com/_next/hmr?id=K2Sai_xtkCEQ0q25lAQBO event=0 ip=2606:4700:a8::8 type=ws
2026-08-20T07:39:11Z ERR  error="Unable to reach the origin service. The service may be down or it may not be responding to traffic from cloudflared: net/http: HTTP/1.x transport connection broken: malformed HTTP response \"Unauthorized\"" connIndex=0 event=1 ingressRule=0 originService=http://localhost:3000
2026-08-20T07:39:11Z ERR Request failed error="Unable to reach the origin service. The service may be down or it may not be responding to traffic from cloudflared: net/http: HTTP/1.x transport connection broken: malformed HTTP response \"Unauthorized\"" connIndex=0 dest=https://consequence-pending-medieval-writes.trycloudflare.com/_next/hmr?id=K2Sai_xtkCEQ0q25lAQBO event=0 ip=2606:4700:a8::8 type=ws
2026-08-20T07:39:18Z ERR  error="Unable to reach the origin service. The service may be down or it may not be responding to traffic from cloudflared: net/http: HTTP/1.x transport connection broken: malformed HTTP response \"Unauthorized\"" connIndex=0 event=1 ingressRule=0 originService=http://localhost:3000
2026-08-20T07:39:18Z ERR Request failed error="Unable to reach the origin service. The service may be down or it may not be responding to traffic from cloudflared: net/http: HTTP/1.x transport connection broken: malformed HTTP response \"Unauthorized\"" connIndex=0 dest=https://consequence-pending-medieval-writes.trycloudflare.com/_next/hmr?id=K2Sai_xtkCEQ0q25lAQBO event=0 ip=2606:4700:a8::8 type=ws
2026-08-20T07:39:24Z ERR  error="Unable to reach the origin service. The service may be down or it may not be responding to traffic from cloudflared: net/http: HTTP/1.x transport connection broken: malformed HTTP response \"Unauthorized\"" connIndex=0 event=1 ingressRule=0 originService=http://localhost:3000
2026-08-20T07:39:24Z ERR Request failed error="Unable to reach the origin service. The service may be down or it may not be responding to traffic from cloudflared: net/http: HTTP/1.x transport connection broken: malformed HTTP response \"Unauthorized\"" connIndex=0 dest=https://consequence-pending-medieval-writes.trycloudflare.com/_next/hmr?id=K2Sai_xtkCEQ0q25lAQBO event=0 ip=2606:4700:a8::8 type=ws
2026-08-20T07:39:32Z ERR  error="Unable to reach the origin service. The service may be down or it may not be responding to traffic from cloudflared: net/http: HTTP/1.x transport connection broken: malformed HTTP response \"Unauthorized\"" connIndex=0 event=1 ingressRule=0 originService=http://localhost:3000
2026-08-20T07:39:32Z ERR Request failed error="Unable to reach the origin service. The service may be down or it may not be responding to traffic from cloudflared: net/http: HTTP/1.x transport connection broken: malformed HTTP response \"Unauthorized\"" connIndex=0 dest=https://consequence-pending-medieval-writes.trycloudflare.com/_next/hmr?id=K2Sai_xtkCEQ0q25lAQBO event=0 ip=2606:4700:a8::8 type=ws
2026-08-20T07:39:41Z ERR  error="Unable to reach the origin service. The service may be down or it may not be responding to traffic from cloudflared: net/http: HTTP/1.x transport connection broken: malformed HTTP response \"Unauthorized\"" connIndex=0 event=1 ingressRule=0 originService=http://localhost:3000
2026-08-20T07:39:41Z ERR Request failed error="Unable to reach the origin service. The service may be down or it may not be responding to traffic from cloudflared: net/http: HTTP/1.x transport connection broken: malformed HTTP response \"Unauthorized\"" connIndex=0 dest=https://consequence-pending-medieval-writes.trycloudflare.com/_next/hmr?id=K2Sai_xtkCEQ0q25lAQBO event=0 ip=2606:4700:a8::8 type=ws
2026-08-20T07:39:50Z ERR  error="Unable to reach the origin service. The service may be down or it may not be responding to traffic from cloudflared: net/http: HTTP/1.x transport connection broken: malformed HTTP response \"Unauthorized\"" connIndex=0 event=1 ingressRule=0 originService=http://localhost:3000
2026-08-20T07:39:50Z ERR Request failed error="Unable to reach the origin service. The service may be down or it may not be responding to traffic from cloudflared: net/http: HTTP/1.x transport connection broken: malformed HTTP response \"Unauthorized\"" connIndex=0 dest=https://consequence-pending-medieval-writes.trycloudflare.com/_next/hmr?id=K2Sai_xtkCEQ0q25lAQBO event=0 ip=2606:4700:a8::8 type=ws
2026-08-20T07:40:11Z ERR  error="Unable to reach the origin service. The service may be down or it may not be responding to traffic from cloudflared: net/http: HTTP/1.x transport connection broken: malformed HTTP response \"Unauthorized\"" connIndex=0 event=1 ingressRule=0 originService=http://localhost:3000
2026-08-20T07:40:11Z ERR Request failed error="Unable to reach the origin service. The service may be down or it may not be responding to traffic from cloudflared: net/http: HTTP/1.x transport connection broken: malformed HTTP response \"Unauthorized\"" connIndex=0 dest=https://consequence-pending-medieval-writes.trycloudflare.com/_next/hmr?id=bSoah53V7ZHnSjaXQQLBP event=0 ip=2606:4700:a8::8 type=ws
2026-08-20T07:40:15Z ERR  error="Unable to reach the origin service. The service may be down or it may not be responding to traffic from cloudflared: net/http: HTTP/1.x transport connection broken: malformed HTTP response \"Unauthorized\"" connIndex=0 event=1 ingressRule=0 originService=http://localhost:3000
2026-08-20T07:40:15Z ERR Request failed error="Unable to reach the origin service. The service may be down or it may not be responding to traffic from cloudflared: net/http: HTTP/1.x transport connection broken: malformed HTTP response \"Unauthorized\"" connIndex=0 dest=https://consequence-pending-medieval-writes.trycloudflare.com/_next/hmr?id=bSoah53V7ZHnSjaXQQLBP event=0 ip=2606:4700:a8::8 type=ws
2026-08-20T07:40:25Z ERR  error="Unable to reach the origin service. The service may be down or it may not be responding to traffic from cloudflared: net/http: HTTP/1.x transport connection broken: malformed HTTP response \"Unauthorized\"" connIndex=0 event=1 ingressRule=0 originService=http://localhost:3000
2026-08-20T07:40:25Z ERR Request failed error="Unable to reach the origin service. The service may be down or it may not be responding to traffic from cloudflared: net/http: HTTP/1.x transport connection broken: malformed HTTP response \"Unauthorized\"" connIndex=0 dest=https://consequence-pending-medieval-writes.trycloudflare.com/_next/hmr?id=bSoah53V7ZHnSjaXQQLBP event=0 ip=2606:4700:a8::8 type=ws
2026-08-20T07:40:30Z ERR  error="Unable to reach the origin service. The service may be down or it may not be responding to traffic from cloudflared: net/http: HTTP/1.x transport connection broken: malformed HTTP response \"Unauthorized\"" connIndex=0 event=1 ingressRule=0 originService=http://localhost:3000
2026-08-20T07:40:30Z ERR Request failed error="Unable to reach the origin service. The service may be down or it may not be responding to traffic from cloudflared: net/http: HTTP/1.x transport connection broken: malformed HTTP response \"Unauthorized\"" connIndex=0 dest=https://consequence-pending-medieval-writes.trycloudflare.com/_next/hmr?id=bSoah53V7ZHnSjaXQQLBP event=0 ip=2606:4700:a8::8 type=ws
2026-08-20T07:40:35Z ERR  error="Unable to reach the origin service. The service may be down or it may not be responding to traffic from cloudflared: net/http: HTTP/1.x transport connection broken: malformed HTTP response \"Unauthorized\"" connIndex=0 event=1 ingressRule=0 originService=http://localhost:3000
2026-08-20T07:40:35Z ERR Request failed error="Unable to reach the origin service. The service may be down or it may not be responding to traffic from cloudflared: net/http: HTTP/1.x transport connection broken: malformed HTTP response \"Unauthorized\"" connIndex=0 dest=https://consequence-pending-medieval-writes.trycloudflare.com/_next/hmr?id=L17EwoP1QF-wPlhP5u_uR event=0 ip=2606:4700:a8::8 type=ws
2026-08-20T07:40:36Z ERR  error="Unable to reach the origin service. The service may be down or it may not be responding to traffic from cloudflared: net/http: HTTP/1.x transport connection broken: malformed HTTP response \"Unauthorized\"" connIndex=0 event=1 ingressRule=0 originService=http://localhost:3000
2026-08-20T07:40:36Z ERR Request failed error="Unable to reach the origin service. The service may be down or it may not be responding to traffic from cloudflared: net/http: HTTP/1.x transport connection broken: malformed HTTP response \"Unauthorized\"" connIndex=0 dest=https://consequence-pending-medieval-writes.trycloudflare.com/_next/hmr?id=L17EwoP1QF-wPlhP5u_uR event=0 ip=2606:4700:a8::8 type=ws
2026-08-20T07:40:37Z ERR  error="Unable to reach the origin service. The service may be down or it may not be responding to traffic from cloudflared: net/http: HTTP/1.x transport connection broken: malformed HTTP response \"Unauthorized\"" connIndex=0 event=1 ingressRule=0 originService=http://localhost:3000
2026-08-20T07:40:37Z ERR Request failed error="Unable to reach the origin service. The service may be down or it may not be responding to traffic from cloudflared: net/http: HTTP/1.x transport connection broken: malformed HTTP response \"Unauthorized\"" connIndex=0 dest=https://consequence-pending-medieval-writes.trycloudflare.com/_next/hmr?id=L17EwoP1QF-wPlhP5u_uR event=0 ip=2606:4700:a8::8 type=ws
2026-08-20T07:40:39Z ERR  error="Unable to reach the origin service. The service may be down or it may not be responding to traffic from cloudflared: net/http: HTTP/1.x transport connection broken: malformed HTTP response \"Unauthorized\"" connIndex=0 event=1 ingressRule=0 originService=http://localhost:3000
2026-08-20T07:40:39Z ERR Request failed error="Unable to reach the origin service. The service may be down or it may not be responding to traffic from cloudflared: net/http: HTTP/1.x transport connection broken: malformed HTTP response \"Unauthorized\"" connIndex=0 dest=https://consequence-pending-medieval-writes.trycloudflare.com/_next/hmr?id=L17EwoP1QF-wPlhP5u_uR event=0 ip=2606:4700:a8::8 type=ws
2026-08-20T07:40:40Z ERR  error="Unable to reach the origin service. The service may be down or it may not be responding to traffic from cloudflared: net/http: HTTP/1.x transport connection broken: malformed HTTP response \"Unauthorized\"" connIndex=0 event=1 ingressRule=0 originService=http://localhost:3000
2026-08-20T07:40:40Z ERR Request failed error="Unable to reach the origin service. The service may be down or it may not be responding to traffic from cloudflared: net/http: HTTP/1.x transport connection broken: malformed HTTP response \"Unauthorized\"" connIndex=0 dest=https://consequence-pending-medieval-writes.trycloudflare.com/_next/hmr?id=L17EwoP1QF-wPlhP5u_uR event=0 ip=2606:4700:a8::8 type=ws
2026-08-20T07:40:41Z ERR  error="Unable to reach the origin service. The service may be down or it may not be responding to traffic from cloudflared: net/http: HTTP/1.x transport connection broken: malformed HTTP response \"Unauthorized\"" connIndex=0 event=1 ingressRule=0 originService=http://localhost:3000
2026-08-20T07:40:41Z ERR Request failed error="Unable to reach the origin service. The service may be down or it may not be responding to traffic from cloudflared: net/http: HTTP/1.x transport connection broken: malformed HTTP response \"Unauthorized\"" connIndex=0 dest=https://consequence-pending-medieval-writes.trycloudflare.com/_next/hmr?id=L17EwoP1QF-wPlhP5u_uR event=0 ip=2606:4700:a8::8 type=ws
2026-08-20T07:40:46Z ERR  error="Unable to reach the origin service. The service may be down or it may not be responding to traffic from cloudflared: net/http: HTTP/1.x transport connection broken: malformed HTTP response \"Unauthorized\"" connIndex=0 event=1 ingressRule=0 originService=http://localhost:3000
2026-08-20T07:40:46Z ERR Request failed error="Unable to reach the origin service. The service may be down or it may not be responding to traffic from cloudflared: net/http: HTTP/1.x transport connection broken: malformed HTTP response \"Unauthorized\"" connIndex=0 dest=https://consequence-pending-medieval-writes.trycloudflare.com/_next/hmr?id=L17EwoP1QF-wPlhP5u_uR event=0 ip=2606:4700:a8::8 type=ws
2026-08-20T07:40:50Z ERR  error="Unable to reach the origin service. The service may be down or it may not be responding to traffic from cloudflared: net/http: HTTP/1.x transport connection broken: malformed HTTP response \"Unauthorized\"" connIndex=0 event=1 ingressRule=0 originService=http://localhost:3000
2026-08-20T07:40:50Z ERR Request failed error="Unable to reach the origin service. The service may be down or it may not be responding to traffic from cloudflared: net/http: HTTP/1.x transport connection broken: malformed HTTP response \"Unauthorized\"" connIndex=0 dest=https://consequence-pending-medieval-writes.trycloudflare.com/_next/hmr?id=G3mpedfvNqBSbj4pRgC_W event=0 ip=2606:4700:a8::8 type=ws
2026-08-20T07:40:51Z ERR  error="Unable to reach the origin service. The service may be down or it may not be responding to traffic from cloudflared: net/http: HTTP/1.x transport connection broken: malformed HTTP response \"Unauthorized\"" connIndex=0 event=1 ingressRule=0 originService=http://localhost:3000
2026-08-20T07:40:51Z ERR Request failed error="Unable to reach the origin service. The service may be down or it may not be responding to traffic from cloudflared: net/http: HTTP/1.x transport connection broken: malformed HTTP response \"Unauthorized\"" connIndex=0 dest=https://consequence-pending-medieval-writes.trycloudflare.com/_next/hmr?id=G3mpedfvNqBSbj4pRgC_W event=0 ip=2606:4700:a8::8 type=ws
2026-08-20T07:40:53Z ERR  error="Unable to reach the origin service. The service may be down or it may not be responding to traffic from cloudflared: net/http: HTTP/1.x transport connection broken: malformed HTTP response \"Unauthorized\"" connIndex=0 event=1 ingressRule=0 originService=http://localhost:3000
2026-08-20T07:40:53Z ERR Request failed error="Unable to reach the origin service. The service may be down or it may not be responding to traffic from cloudflared: net/http: HTTP/1.x transport connection broken: malformed HTTP response \"Unauthorized\"" connIndex=0 dest=https://consequence-pending-medieval-writes.trycloudflare.com/_next/hmr?id=G3mpedfvNqBSbj4pRgC_W event=0 ip=2606:4700:a8::8 type=ws
2026-08-20T07:40:54Z ERR  error="Unable to reach the origin service. The service may be down or it may not be responding to traffic from cloudflared: net/http: HTTP/1.x transport connection broken: malformed HTTP response \"Unauthorized\"" connIndex=0 event=1 ingressRule=0 originService=http://localhost:3000
2026-08-20T07:40:54Z ERR Request failed error="Unable to reach the origin service. The service may be down or it may not be responding to traffic from cloudflared: net/http: HTTP/1.x transport connection broken: malformed HTTP response \"Unauthorized\"" connIndex=0 dest=https://consequence-pending-medieval-writes.trycloudflare.com/_next/hmr?id=G3mpedfvNqBSbj4pRgC_W event=0 ip=2606:4700:a8::8 type=ws
2026-08-20T07:40:57Z ERR  error="Unable to reach the origin service. The service may be down or it may not be responding to traffic from cloudflared: net/http: HTTP/1.x transport connection broken: malformed HTTP response \"Unauthorized\"" connIndex=0 event=1 ingressRule=0 originService=http://localhost:3000
2026-08-20T07:40:57Z ERR Request failed error="Unable to reach the origin service. The service may be down or it may not be responding to traffic from cloudflared: net/http: HTTP/1.x transport connection broken: malformed HTTP response \"Unauthorized\"" connIndex=0 dest=https://consequence-pending-medieval-writes.trycloudflare.com/_next/hmr?id=G3mpedfvNqBSbj4pRgC_W event=0 ip=2606:4700:a8::8 type=ws
2026-08-20T07:40:59Z ERR  error="Unable to reach the origin service. The service may be down or it may not be responding to traffic from cloudflared: net/http: HTTP/1.x transport connection broken: malformed HTTP response \"Unauthorized\"" connIndex=0 event=1 ingressRule=0 originService=http://localhost:3000
2026-08-20T07:40:59Z ERR Request failed error="Unable to reach the origin service. The service may be down or it may not be responding to traffic from cloudflared: net/http: HTTP/1.x transport connection broken: malformed HTTP response \"Unauthorized\"" connIndex=0 dest=https://consequence-pending-medieval-writes.trycloudflare.com/_next/hmr?id=G3mpedfvNqBSbj4pRgC_W event=0 ip=2606:4700:a8::8 type=ws
2026-08-20T07:41:07Z ERR  error="Unable to reach the origin service. The service may be down or it may not be responding to traffic from cloudflared: net/http: HTTP/1.x transport connection broken: malformed HTTP response \"Unauthorized\"" connIndex=0 event=1 ingressRule=0 originService=http://localhost:3000
2026-08-20T07:41:07Z ERR Request failed error="Unable to reach the origin service. The service may be down or it may not be responding to traffic from cloudflared: net/http: HTTP/1.x transport connection broken: malformed HTTP response \"Unauthorized\"" connIndex=0 dest=https://consequence-pending-medieval-writes.trycloudflare.com/_next/hmr?id=G3mpedfvNqBSbj4pRgC_W event=0 ip=2606:4700:a8::8 type=ws
2026-08-20T07:41:14Z ERR  error="Unable to reach the origin service. The service may be down or it may not be responding to traffic from cloudflared: net/http: HTTP/1.x transport connection broken: malformed HTTP response \"Unauthorized\"" connIndex=0 event=1 ingressRule=0 originService=http://localhost:3000
2026-08-20T07:41:14Z ERR Request failed error="Unable to reach the origin service. The service may be down or it may not be responding to traffic from cloudflared: net/http: HTTP/1.x transport connection broken: malformed HTTP response \"Unauthorized\"" connIndex=0 dest=https://consequence-pending-medieval-writes.trycloudflare.com/_next/hmr?id=G3mpedfvNqBSbj4pRgC_W event=0 ip=2606:4700:a8::8 type=ws
2026-08-20T07:41:24Z ERR  error="Unable to reach the origin service. The service may be down or it may not be responding to traffic from cloudflared: net/http: HTTP/1.x transport connection broken: malformed HTTP response \"Unauthorized\"" connIndex=0 event=1 ingressRule=0 originService=http://localhost:3000
2026-08-20T07:41:24Z ERR Request failed error="Unable to reach the origin service. The service may be down or it may not be responding to traffic from cloudflared: net/http: HTTP/1.x transport connection broken: malformed HTTP response \"Unauthorized\"" connIndex=0 dest=https://consequence-pending-medieval-writes.trycloudflare.com/_next/hmr?id=G3mpedfvNqBSbj4pRgC_W event=0 ip=2606:4700:a8::8 type=ws
2026-08-20T07:41:34Z ERR  error="Unable to reach the origin service. The service may be down or it may not be responding to traffic from cloudflared: net/http: HTTP/1.x transport connection broken: malformed HTTP response \"Unauthorized\"" connIndex=0 event=1 ingressRule=0 originService=http://localhost:3000
2026-08-20T07:41:34Z ERR Request failed error="Unable to reach the origin service. The service may be down or it may not be responding to traffic from cloudflared: net/http: HTTP/1.x transport connection broken: malformed HTTP response \"Unauthorized\"" connIndex=0 dest=https://consequence-pending-medieval-writes.trycloudflare.com/_next/hmr?id=G3mpedfvNqBSbj4pRgC_W event=0 ip=2606:4700:a8::8 type=ws
2026-08-20T07:41:42Z ERR  error="Unable to reach the origin service. The service may be down or it may not be responding to traffic from cloudflared: dial tcp [::1]:3000: connect: connection refused" connIndex=0 event=1 ingressRule=0 originService=http://localhost:3000
2026-08-20T07:41:42Z ERR Request failed error="Unable to reach the origin service. The service may be down or it may not be responding to traffic from cloudflared: dial tcp [::1]:3000: connect: connection refused" connIndex=0 dest=https://consequence-pending-medieval-writes.trycloudflare.com/cases/cmt12vsyy0000kyrjqd7jnx8z event=0 ip=2606:4700:a8::8 type=http
2026-08-20T07:41:42Z ERR  error="Unable to reach the origin service. The service may be down or it may not be responding to traffic from cloudflared: dial tcp [::1]:3000: connect: connection refused" connIndex=0 event=1 ingressRule=0 originService=http://localhost:3000
2026-08-20T07:41:42Z ERR Request failed error="Unable to reach the origin service. The service may be down or it may not be responding to traffic from cloudflared: dial tcp [::1]:3000: connect: connection refused" connIndex=0 dest=https://consequence-pending-medieval-writes.trycloudflare.com/favicon.ico event=0 ip=2606:4700:a8::8 type=http
2026-08-20T07:42:38Z ERR  error="Unable to reach the origin service. The service may be down or it may not be responding to traffic from cloudflared: net/http: HTTP/1.x transport connection broken: malformed HTTP response \"Unauthorized\"" connIndex=0 event=1 ingressRule=0 originService=http://localhost:3000
2026-08-20T07:42:38Z ERR Request failed error="Unable to reach the origin service. The service may be down or it may not be responding to traffic from cloudflared: net/http: HTTP/1.x transport connection broken: malformed HTTP response \"Unauthorized\"" connIndex=0 dest=https://consequence-pending-medieval-writes.trycloudflare.com/_next/hmr?id=9sImsrUjHAw-yhvjOK5M1 event=0 ip=2606:4700:a8::8 type=ws
2026-08-20T07:42:40Z ERR  error="Unable to reach the origin service. The service may be down or it may not be responding to traffic from cloudflared: net/http: HTTP/1.x transport connection broken: malformed HTTP response \"Unauthorized\"" connIndex=0 event=1 ingressRule=0 originService=http://localhost:3000
2026-08-20T07:42:40Z ERR Request failed error="Unable to reach the origin service. The service may be down or it may not be responding to traffic from cloudflared: net/http: HTTP/1.x transport connection broken: malformed HTTP response \"Unauthorized\"" connIndex=0 dest=https://consequence-pending-medieval-writes.trycloudflare.com/_next/hmr?id=9sImsrUjHAw-yhvjOK5M1 event=0 ip=2606:4700:a8::8 type=ws
2026-08-20T07:42:41Z ERR  error="Unable to reach the origin service. The service may be down or it may not be responding to traffic from cloudflared: net/http: HTTP/1.x transport connection broken: malformed HTTP response \"Unauthorized\"" connIndex=0 event=1 ingressRule=0 originService=http://localhost:3000
2026-08-20T07:42:41Z ERR Request failed error="Unable to reach the origin service. The service may be down or it may not be responding to traffic from cloudflared: net/http: HTTP/1.x transport connection broken: malformed HTTP response \"Unauthorized\"" connIndex=0 dest=https://consequence-pending-medieval-writes.trycloudflare.com/_next/hmr?id=9sImsrUjHAw-yhvjOK5M1 event=0 ip=2606:4700:a8::8 type=ws
2026-08-20T07:42:42Z ERR  error="Unable to reach the origin service. The service may be down or it may not be responding to traffic from cloudflared: net/http: HTTP/1.x transport connection broken: malformed HTTP response \"Unauthorized\"" connIndex=0 event=1 ingressRule=0 originService=http://localhost:3000
2026-08-20T07:42:42Z ERR Request failed error="Unable to reach the origin service. The service may be down or it may not be responding to traffic from cloudflared: net/http: HTTP/1.x transport connection broken: malformed HTTP response \"Unauthorized\"" connIndex=0 dest=https://consequence-pending-medieval-writes.trycloudflare.com/_next/hmr?id=9sImsrUjHAw-yhvjOK5M1 event=0 ip=2606:4700:a8::8 type=ws
2026-08-20T07:42:43Z ERR  error="Unable to reach the origin service. The service may be down or it may not be responding to traffic from cloudflared: net/http: HTTP/1.x transport connection broken: malformed HTTP response \"Unauthorized\"" connIndex=0 event=1 ingressRule=0 originService=http://localhost:3000
2026-08-20T07:42:43Z ERR Request failed error="Unable to reach the origin service. The service may be down or it may not be responding to traffic from cloudflared: net/http: HTTP/1.x transport connection broken: malformed HTTP response \"Unauthorized\"" connIndex=0 dest=https://consequence-pending-medieval-writes.trycloudflare.com/_next/hmr?id=9sImsrUjHAw-yhvjOK5M1 event=0 ip=2606:4700:a8::8 type=ws
2026-08-20T07:42:45Z ERR  error="Unable to reach the origin service. The service may be down or it may not be responding to traffic from cloudflared: net/http: HTTP/1.x transport connection broken: malformed HTTP response \"Unauthorized\"" connIndex=0 event=1 ingressRule=0 originService=http://localhost:3000
2026-08-20T07:42:45Z ERR Request failed error="Unable to reach the origin service. The service may be down or it may not be responding to traffic from cloudflared: net/http: HTTP/1.x transport connection broken: malformed HTTP response \"Unauthorized\"" connIndex=0 dest=https://consequence-pending-medieval-writes.trycloudflare.com/_next/hmr?id=9sImsrUjHAw-yhvjOK5M1 event=0 ip=2606:4700:a8::8 type=ws
2026-08-20T07:42:50Z ERR  error="Unable to reach the origin service. The service may be down or it may not be responding to traffic from cloudflared: net/http: HTTP/1.x transport connection broken: malformed HTTP response \"Unauthorized\"" connIndex=0 event=1 ingressRule=0 originService=http://localhost:3000
2026-08-20T07:42:50Z ERR Request failed error="Unable to reach the origin service. The service may be down or it may not be responding to traffic from cloudflared: net/http: HTTP/1.x transport connection broken: malformed HTTP response \"Unauthorized\"" connIndex=0 dest=https://consequence-pending-medieval-writes.trycloudflare.com/_next/hmr?id=9sImsrUjHAw-yhvjOK5M1 event=0 ip=2606:4700:a8::8 type=ws
2026-08-20T07:42:55Z ERR  error="Unable to reach the origin service. The service may be down or it may not be responding to traffic from cloudflared: net/http: HTTP/1.x transport connection broken: malformed HTTP response \"Unauthorized\"" connIndex=0 event=1 ingressRule=0 originService=http://localhost:3000
2026-08-20T07:42:55Z ERR Request failed error="Unable to reach the origin service. The service may be down or it may not be responding to traffic from cloudflared: net/http: HTTP/1.x transport connection broken: malformed HTTP response \"Unauthorized\"" connIndex=0 dest=https://consequence-pending-medieval-writes.trycloudflare.com/_next/hmr?id=9sImsrUjHAw-yhvjOK5M1 event=0 ip=2606:4700:a8::8 type=ws
2026-08-20T07:43:01Z ERR  error="Unable to reach the origin service. The service may be down or it may not be responding to traffic from cloudflared: net/http: HTTP/1.x transport connection broken: malformed HTTP response \"Unauthorized\"" connIndex=0 event=1 ingressRule=0 originService=http://localhost:3000
2026-08-20T07:43:01Z ERR Request failed error="Unable to reach the origin service. The service may be down or it may not be responding to traffic from cloudflared: net/http: HTTP/1.x transport connection broken: malformed HTTP response \"Unauthorized\"" connIndex=0 dest=https://consequence-pending-medieval-writes.trycloudflare.com/_next/hmr?id=9sImsrUjHAw-yhvjOK5M1 event=0 ip=2606:4700:a8::8 type=ws
2026-08-20T07:43:03Z ERR  error="Unable to reach the origin service. The service may be down or it may not be responding to traffic from cloudflared: net/http: HTTP/1.x transport connection broken: malformed HTTP response \"Unauthorized\"" connIndex=0 event=1 ingressRule=0 originService=http://localhost:3000
2026-08-20T07:43:03Z ERR Request failed error="Unable to reach the origin service. The service may be down or it may not be responding to traffic from cloudflared: net/http: HTTP/1.x transport connection broken: malformed HTTP response \"Unauthorized\"" connIndex=0 dest=https://consequence-pending-medieval-writes.trycloudflare.com/_next/hmr?id=ALpv1R1-toc2kEFAT_WBZ event=0 ip=2606:4700:a8::8 type=ws
2026-08-20T07:43:05Z ERR  error="Unable to reach the origin service. The service may be down or it may not be responding to traffic from cloudflared: net/http: HTTP/1.x transport connection broken: malformed HTTP response \"Unauthorized\"" connIndex=0 event=1 ingressRule=0 originService=http://localhost:3000
2026-08-20T07:43:05Z ERR Request failed error="Unable to reach the origin service. The service may be down or it may not be responding to traffic from cloudflared: net/http: HTTP/1.x transport connection broken: malformed HTTP response \"Unauthorized\"" connIndex=0 dest=https://consequence-pending-medieval-writes.trycloudflare.com/_next/hmr?id=ALpv1R1-toc2kEFAT_WBZ event=0 ip=2606:4700:a8::8 type=ws
2026-08-20T07:43:06Z ERR  error="Unable to reach the origin service. The service may be down or it may not be responding to traffic from cloudflared: net/http: HTTP/1.x transport connection broken: malformed HTTP response \"Unauthorized\"" connIndex=0 event=1 ingressRule=0 originService=http://localhost:3000
2026-08-20T07:43:06Z ERR Request failed error="Unable to reach the origin service. The service may be down or it may not be responding to traffic from cloudflared: net/http: HTTP/1.x transport connection broken: malformed HTTP response \"Unauthorized\"" connIndex=0 dest=https://consequence-pending-medieval-writes.trycloudflare.com/_next/hmr?id=ALpv1R1-toc2kEFAT_WBZ event=0 ip=2606:4700:a8::8 type=ws
2026-08-20T07:43:07Z ERR  error="Unable to reach the origin service. The service may be down or it may not be responding to traffic from cloudflared: net/http: HTTP/1.x transport connection broken: malformed HTTP response \"Unauthorized\"" connIndex=0 event=1 ingressRule=0 originService=http://localhost:3000
2026-08-20T07:43:07Z ERR Request failed error="Unable to reach the origin service. The service may be down or it may not be responding to traffic from cloudflared: net/http: HTTP/1.x transport connection broken: malformed HTTP response \"Unauthorized\"" connIndex=0 dest=https://consequence-pending-medieval-writes.trycloudflare.com/_next/hmr?id=ALpv1R1-toc2kEFAT_WBZ event=0 ip=2606:4700:a8::8 type=ws
2026-08-20T07:43:07Z ERR  error="Unable to reach the origin service. The service may be down or it may not be responding to traffic from cloudflared: net/http: HTTP/1.x transport connection broken: malformed HTTP response \"Unauthorized\"" connIndex=0 event=1 ingressRule=0 originService=http://localhost:3000
2026-08-20T07:43:07Z ERR Request failed error="Unable to reach the origin service. The service may be down or it may not be responding to traffic from cloudflared: net/http: HTTP/1.x transport connection broken: malformed HTTP response \"Unauthorized\"" connIndex=0 dest=https://consequence-pending-medieval-writes.trycloudflare.com/_next/hmr?id=9sImsrUjHAw-yhvjOK5M1 event=0 ip=2606:4700:a8::8 type=ws
2026-08-20T07:43:08Z ERR  error="Unable to reach the origin service. The service may be down or it may not be responding to traffic from cloudflared: net/http: HTTP/1.x transport connection broken: malformed HTTP response \"Unauthorized\"" connIndex=0 event=1 ingressRule=0 originService=http://localhost:3000
2026-08-20T07:43:08Z ERR Request failed error="Unable to reach the origin service. The service may be down or it may not be responding to traffic from cloudflared: net/http: HTTP/1.x transport connection broken: malformed HTTP response \"Unauthorized\"" connIndex=0 dest=https://consequence-pending-medieval-writes.trycloudflare.com/_next/hmr?id=ALpv1R1-toc2kEFAT_WBZ event=0 ip=2606:4700:a8::8 type=ws
2026-08-20T07:43:09Z ERR  error="Unable to reach the origin service. The service may be down or it may not be responding to traffic from cloudflared: net/http: HTTP/1.x transport connection broken: malformed HTTP response \"Unauthorized\"" connIndex=0 event=1 ingressRule=0 originService=http://localhost:3000
2026-08-20T07:43:09Z ERR Request failed error="Unable to reach the origin service. The service may be down or it may not be responding to traffic from cloudflared: net/http: HTTP/1.x transport connection broken: malformed HTTP response \"Unauthorized\"" connIndex=0 dest=https://consequence-pending-medieval-writes.trycloudflare.com/_next/hmr?id=ALpv1R1-toc2kEFAT_WBZ event=0 ip=2606:4700:a8::8 type=ws
2026-08-20T07:43:13Z ERR  error="Unable to reach the origin service. The service may be down or it may not be responding to traffic from cloudflared: net/http: HTTP/1.x transport connection broken: malformed HTTP response \"Unauthorized\"" connIndex=0 event=1 ingressRule=0 originService=http://localhost:3000
2026-08-20T07:43:13Z ERR Request failed error="Unable to reach the origin service. The service may be down or it may not be responding to traffic from cloudflared: net/http: HTTP/1.x transport connection broken: malformed HTTP response \"Unauthorized\"" connIndex=0 dest=https://consequence-pending-medieval-writes.trycloudflare.com/_next/hmr?id=9sImsrUjHAw-yhvjOK5M1 event=0 ip=2606:4700:a8::8 type=ws
2026-08-20T07:43:15Z ERR  error="Unable to reach the origin service. The service may be down or it may not be responding to traffic from cloudflared: net/http: HTTP/1.x transport connection broken: malformed HTTP response \"Unauthorized\"" connIndex=0 event=1 ingressRule=0 originService=http://localhost:3000
2026-08-20T07:43:15Z ERR Request failed error="Unable to reach the origin service. The service may be down or it may not be responding to traffic from cloudflared: net/http: HTTP/1.x transport connection broken: malformed HTTP response \"Unauthorized\"" connIndex=0 dest=https://consequence-pending-medieval-writes.trycloudflare.com/_next/hmr?id=ALpv1R1-toc2kEFAT_WBZ event=0 ip=2606:4700:a8::8 type=ws
2026-08-20T07:43:19Z ERR  error="Unable to reach the origin service. The service may be down or it may not be responding to traffic from cloudflared: net/http: HTTP/1.x transport connection broken: malformed HTTP response \"Unauthorized\"" connIndex=0 event=1 ingressRule=0 originService=http://localhost:3000
2026-08-20T07:43:19Z ERR Request failed error="Unable to reach the origin service. The service may be down or it may not be responding to traffic from cloudflared: net/http: HTTP/1.x transport connection broken: malformed HTTP response \"Unauthorized\"" connIndex=0 dest=https://consequence-pending-medieval-writes.trycloudflare.com/_next/hmr?id=9sImsrUjHAw-yhvjOK5M1 event=0 ip=2606:4700:a8::8 type=ws
2026-08-20T07:43:21Z ERR  error="Unable to reach the origin service. The service may be down or it may not be responding to traffic from cloudflared: net/http: HTTP/1.x transport connection broken: malformed HTTP response \"Unauthorized\"" connIndex=0 event=1 ingressRule=0 originService=http://localhost:3000
2026-08-20T07:43:21Z ERR Request failed error="Unable to reach the origin service. The service may be down or it may not be responding to traffic from cloudflared: net/http: HTTP/1.x transport connection broken: malformed HTTP response \"Unauthorized\"" connIndex=0 dest=https://consequence-pending-medieval-writes.trycloudflare.com/_next/hmr?id=ALpv1R1-toc2kEFAT_WBZ event=0 ip=2606:4700:a8::8 type=ws
2026-08-20T07:43:26Z ERR  error="Unable to reach the origin service. The service may be down or it may not be responding to traffic from cloudflared: net/http: HTTP/1.x transport connection broken: malformed HTTP response \"Unauthorized\"" connIndex=0 event=1 ingressRule=0 originService=http://localhost:3000
2026-08-20T07:43:26Z ERR Request failed error="Unable to reach the origin service. The service may be down or it may not be responding to traffic from cloudflared: net/http: HTTP/1.x transport connection broken: malformed HTTP response \"Unauthorized\"" connIndex=0 dest=https://consequence-pending-medieval-writes.trycloudflare.com/_next/hmr?id=9sImsrUjHAw-yhvjOK5M1 event=0 ip=2606:4700:a8::8 type=ws
2026-08-20T07:43:27Z ERR  error="Unable to reach the origin service. The service may be down or it may not be responding to traffic from cloudflared: net/http: HTTP/1.x transport connection broken: malformed HTTP response \"Unauthorized\"" connIndex=0 event=1 ingressRule=0 originService=http://localhost:3000
2026-08-20T07:43:27Z ERR Request failed error="Unable to reach the origin service. The service may be down or it may not be responding to traffic from cloudflared: net/http: HTTP/1.x transport connection broken: malformed HTTP response \"Unauthorized\"" connIndex=0 dest=https://consequence-pending-medieval-writes.trycloudflare.com/_next/hmr?id=ALpv1R1-toc2kEFAT_WBZ event=0 ip=2606:4700:a8::8 type=ws
2026-08-20T07:43:27Z ERR  error="Unable to reach the origin service. The service may be down or it may not be responding to traffic from cloudflared: net/http: HTTP/1.x transport connection broken: malformed HTTP response \"Unauthorized\"" connIndex=0 event=1 ingressRule=0 originService=http://localhost:3000
2026-08-20T07:43:27Z ERR Request failed error="Unable to reach the origin service. The service may be down or it may not be responding to traffic from cloudflared: net/http: HTTP/1.x transport connection broken: malformed HTTP response \"Unauthorized\"" connIndex=0 dest=https://consequence-pending-medieval-writes.trycloudflare.com/_next/hmr?id=E9uB2AnglEk6RosdZjOIo event=0 ip=2606:4700:a8::8 type=ws
2026-08-20T07:43:30Z ERR  error="Unable to reach the origin service. The service may be down or it may not be responding to traffic from cloudflared: net/http: HTTP/1.x transport connection broken: malformed HTTP response \"Unauthorized\"" connIndex=0 event=1 ingressRule=0 originService=http://localhost:3000
2026-08-20T07:43:30Z ERR Request failed error="Unable to reach the origin service. The service may be down or it may not be responding to traffic from cloudflared: net/http: HTTP/1.x transport connection broken: malformed HTTP response \"Unauthorized\"" connIndex=0 dest=https://consequence-pending-medieval-writes.trycloudflare.com/_next/hmr?id=ALpv1R1-toc2kEFAT_WBZ event=0 ip=2606:4700:a8::8 type=ws
2026-08-20T07:43:30Z ERR  error="Unable to reach the origin service. The service may be down or it may not be responding to traffic from cloudflared: net/http: HTTP/1.x transport connection broken: malformed HTTP response \"Unauthorized\"" connIndex=0 event=1 ingressRule=0 originService=http://localhost:3000
2026-08-20T07:43:30Z ERR Request failed error="Unable to reach the origin service. The service may be down or it may not be responding to traffic from cloudflared: net/http: HTTP/1.x transport connection broken: malformed HTTP response \"Unauthorized\"" connIndex=0 dest=https://consequence-pending-medieval-writes.trycloudflare.com/_next/hmr?id=E9uB2AnglEk6RosdZjOIo event=0 ip=2606:4700:a8::8 type=ws
2026-08-20T07:43:31Z ERR  error="Unable to reach the origin service. The service may be down or it may not be responding to traffic from cloudflared: net/http: HTTP/1.x transport connection broken: malformed HTTP response \"Unauthorized\"" connIndex=0 event=1 ingressRule=0 originService=http://localhost:3000
2026-08-20T07:43:31Z ERR Request failed error="Unable to reach the origin service. The service may be down or it may not be responding to traffic from cloudflared: net/http: HTTP/1.x transport connection broken: malformed HTTP response \"Unauthorized\"" connIndex=0 dest=https://consequence-pending-medieval-writes.trycloudflare.com/_next/hmr?id=ALpv1R1-toc2kEFAT_WBZ event=0 ip=2606:4700:a8::8 type=ws
2026-08-20T07:43:33Z ERR  error="Unable to reach the origin service. The service may be down or it may not be responding to traffic from cloudflared: net/http: HTTP/1.x transport connection broken: malformed HTTP response \"Unauthorized\"" connIndex=0 event=1 ingressRule=0 originService=http://localhost:3000
2026-08-20T07:43:33Z ERR Request failed error="Unable to reach the origin service. The service may be down or it may not be responding to traffic from cloudflared: net/http: HTTP/1.x transport connection broken: malformed HTTP response \"Unauthorized\"" connIndex=0 dest=https://consequence-pending-medieval-writes.trycloudflare.com/_next/hmr?id=ALpv1R1-toc2kEFAT_WBZ event=0 ip=2606:4700:a8::8 type=ws
2026-08-20T07:43:34Z ERR  error="Unable to reach the origin service. The service may be down or it may not be responding to traffic from cloudflared: net/http: HTTP/1.x transport connection broken: malformed HTTP response \"Unauthorized\"" connIndex=0 event=1 ingressRule=0 originService=http://localhost:3000
2026-08-20T07:43:34Z ERR Request failed error="Unable to reach the origin service. The service may be down or it may not be responding to traffic from cloudflared: net/http: HTTP/1.x transport connection broken: malformed HTTP response \"Unauthorized\"" connIndex=0 dest=https://consequence-pending-medieval-writes.trycloudflare.com/_next/hmr?id=ALpv1R1-toc2kEFAT_WBZ event=0 ip=2606:4700:a8::8 type=ws
2026-08-20T07:43:35Z ERR  error="Unable to reach the origin service. The service may be down or it may not be responding to traffic from cloudflared: net/http: HTTP/1.x transport connection broken: malformed HTTP response \"Unauthorized\"" connIndex=0 event=1 ingressRule=0 originService=http://localhost:3000
2026-08-20T07:43:35Z ERR Request failed error="Unable to reach the origin service. The service may be down or it may not be responding to traffic from cloudflared: net/http: HTTP/1.x transport connection broken: malformed HTTP response \"Unauthorized\"" connIndex=0 dest=https://consequence-pending-medieval-writes.trycloudflare.com/_next/hmr?id=E9uB2AnglEk6RosdZjOIo event=0 ip=2606:4700:a8::8 type=ws
2026-08-20T07:43:36Z ERR  error="Unable to reach the origin service. The service may be down or it may not be responding to traffic from cloudflared: net/http: HTTP/1.x transport connection broken: malformed HTTP response \"Unauthorized\"" connIndex=0 event=1 ingressRule=0 originService=http://localhost:3000
2026-08-20T07:43:36Z ERR Request failed error="Unable to reach the origin service. The service may be down or it may not be responding to traffic from cloudflared: net/http: HTTP/1.x transport connection broken: malformed HTTP response \"Unauthorized\"" connIndex=0 dest=https://consequence-pending-medieval-writes.trycloudflare.com/_next/hmr?id=ALpv1R1-toc2kEFAT_WBZ event=0 ip=2606:4700:a8::8 type=ws
2026-08-20T07:43:39Z ERR  error="Unable to reach the origin service. The service may be down or it may not be responding to traffic from cloudflared: net/http: HTTP/1.x transport connection broken: malformed HTTP response \"Unauthorized\"" connIndex=0 event=1 ingressRule=0 originService=http://localhost:3000
2026-08-20T07:43:39Z ERR Request failed error="Unable to reach the origin service. The service may be down or it may not be responding to traffic from cloudflared: net/http: HTTP/1.x transport connection broken: malformed HTTP response \"Unauthorized\"" connIndex=0 dest=https://consequence-pending-medieval-writes.trycloudflare.com/_next/hmr?id=ALpv1R1-toc2kEFAT_WBZ event=0 ip=2606:4700:a8::8 type=ws
2026-08-20T07:43:41Z ERR  error="Unable to reach the origin service. The service may be down or it may not be responding to traffic from cloudflared: net/http: HTTP/1.x transport connection broken: malformed HTTP response \"Unauthorized\"" connIndex=0 event=1 ingressRule=0 originService=http://localhost:3000
2026-08-20T07:43:41Z ERR Request failed error="Unable to reach the origin service. The service may be down or it may not be responding to traffic from cloudflared: net/http: HTTP/1.x transport connection broken: malformed HTTP response \"Unauthorized\"" connIndex=0 dest=https://consequence-pending-medieval-writes.trycloudflare.com/_next/hmr?id=E9uB2AnglEk6RosdZjOIo event=0 ip=2606:4700:a8::8 type=ws
2026-08-20T07:43:45Z ERR  error="Unable to reach the origin service. The service may be down or it may not be responding to traffic from cloudflared: net/http: HTTP/1.x transport connection broken: malformed HTTP response \"Unauthorized\"" connIndex=0 event=1 ingressRule=0 originService=http://localhost:3000
2026-08-20T07:43:45Z ERR Request failed error="Unable to reach the origin service. The service may be down or it may not be responding to traffic from cloudflared: net/http: HTTP/1.x transport connection broken: malformed HTTP response \"Unauthorized\"" connIndex=0 dest=https://consequence-pending-medieval-writes.trycloudflare.com/_next/hmr?id=E9uB2AnglEk6RosdZjOIo event=0 ip=2606:4700:a8::8 type=ws
2026-08-20T07:43:48Z ERR  error="Unable to reach the origin service. The service may be down or it may not be responding to traffic from cloudflared: net/http: HTTP/1.x transport connection broken: malformed HTTP response \"Unauthorized\"" connIndex=0 event=1 ingressRule=0 originService=http://localhost:3000
2026-08-20T07:43:48Z ERR Request failed error="Unable to reach the origin service. The service may be down or it may not be responding to traffic from cloudflared: net/http: HTTP/1.x transport connection broken: malformed HTTP response \"Unauthorized\"" connIndex=0 dest=https://consequence-pending-medieval-writes.trycloudflare.com/_next/hmr?id=ALpv1R1-toc2kEFAT_WBZ event=0 ip=2606:4700:a8::8 type=ws
2026-08-20T07:43:49Z ERR  error="Unable to reach the origin service. The service may be down or it may not be responding to traffic from cloudflared: net/http: HTTP/1.x transport connection broken: malformed HTTP response \"Unauthorized\"" connIndex=0 event=1 ingressRule=0 originService=http://localhost:3000
2026-08-20T07:43:49Z ERR Request failed error="Unable to reach the origin service. The service may be down or it may not be responding to traffic from cloudflared: net/http: HTTP/1.x transport connection broken: malformed HTTP response \"Unauthorized\"" connIndex=0 dest=https://consequence-pending-medieval-writes.trycloudflare.com/_next/hmr?id=E9uB2AnglEk6RosdZjOIo event=0 ip=2606:4700:a8::8 type=ws
2026-08-20T07:43:53Z ERR  error="Unable to reach the origin service. The service may be down or it may not be responding to traffic from cloudflared: net/http: HTTP/1.x transport connection broken: malformed HTTP response \"Unauthorized\"" connIndex=0 event=1 ingressRule=0 originService=http://localhost:3000
2026-08-20T07:43:53Z ERR Request failed error="Unable to reach the origin service. The service may be down or it may not be responding to traffic from cloudflared: net/http: HTTP/1.x transport connection broken: malformed HTTP response \"Unauthorized\"" connIndex=0 dest=https://consequence-pending-medieval-writes.trycloudflare.com/_next/hmr?id=ALpv1R1-toc2kEFAT_WBZ event=0 ip=2606:4700:a8::8 type=ws
2026-08-20T07:43:55Z ERR  error="Unable to reach the origin service. The service may be down or it may not be responding to traffic from cloudflared: net/http: HTTP/1.x transport connection broken: malformed HTTP response \"Unauthorized\"" connIndex=0 event=1 ingressRule=0 originService=http://localhost:3000
2026-08-20T07:43:55Z ERR Request failed error="Unable to reach the origin service. The service may be down or it may not be responding to traffic from cloudflared: net/http: HTTP/1.x transport connection broken: malformed HTTP response \"Unauthorized\"" connIndex=0 dest=https://consequence-pending-medieval-writes.trycloudflare.com/_next/hmr?id=E9uB2AnglEk6RosdZjOIo event=0 ip=2606:4700:a8::8 type=ws
2026-08-20T07:43:59Z ERR  error="Unable to reach the origin service. The service may be down or it may not be responding to traffic from cloudflared: net/http: HTTP/1.x transport connection broken: malformed HTTP response \"Unauthorized\"" connIndex=0 event=1 ingressRule=0 originService=http://localhost:3000
2026-08-20T07:43:59Z ERR Request failed error="Unable to reach the origin service. The service may be down or it may not be responding to traffic from cloudflared: net/http: HTTP/1.x transport connection broken: malformed HTTP response \"Unauthorized\"" connIndex=0 dest=https://consequence-pending-medieval-writes.trycloudflare.com/_next/hmr?id=ALpv1R1-toc2kEFAT_WBZ event=0 ip=2606:4700:a8::8 type=ws
2026-08-20T07:44:04Z ERR  error="Unable to reach the origin service. The service may be down or it may not be responding to traffic from cloudflared: net/http: HTTP/1.x transport connection broken: malformed HTTP response \"Unauthorized\"" connIndex=0 event=1 ingressRule=0 originService=http://localhost:3000
2026-08-20T07:44:04Z ERR Request failed error="Unable to reach the origin service. The service may be down or it may not be responding to traffic from cloudflared: net/http: HTTP/1.x transport connection broken: malformed HTTP response \"Unauthorized\"" connIndex=0 dest=https://consequence-pending-medieval-writes.trycloudflare.com/_next/hmr?id=E9uB2AnglEk6RosdZjOIo event=0 ip=2606:4700:a8::8 type=ws
2026-08-20T07:44:04Z ERR  error="Unable to reach the origin service. The service may be down or it may not be responding to traffic from cloudflared: net/http: HTTP/1.x transport connection broken: malformed HTTP response \"Unauthorized\"" connIndex=0 event=1 ingressRule=0 originService=http://localhost:3000
2026-08-20T07:44:04Z ERR Request failed error="Unable to reach the origin service. The service may be down or it may not be responding to traffic from cloudflared: net/http: HTTP/1.x transport connection broken: malformed HTTP response \"Unauthorized\"" connIndex=0 dest=https://consequence-pending-medieval-writes.trycloudflare.com/_next/hmr?id=ALpv1R1-toc2kEFAT_WBZ event=0 ip=2606:4700:a8::8 type=ws
2026-08-20T07:44:09Z ERR  error="Unable to reach the origin service. The service may be down or it may not be responding to traffic from cloudflared: net/http: HTTP/1.x transport connection broken: malformed HTTP response \"Unauthorized\"" connIndex=0 event=1 ingressRule=0 originService=http://localhost:3000
2026-08-20T07:44:09Z ERR Request failed error="Unable to reach the origin service. The service may be down or it may not be responding to traffic from cloudflared: net/http: HTTP/1.x transport connection broken: malformed HTTP response \"Unauthorized\"" connIndex=0 dest=https://consequence-pending-medieval-writes.trycloudflare.com/_next/hmr?id=ALpv1R1-toc2kEFAT_WBZ event=0 ip=2606:4700:a8::8 type=ws
2026-08-20T07:44:14Z ERR  error="Unable to reach the origin service. The service may be down or it may not be responding to traffic from cloudflared: net/http: HTTP/1.x transport connection broken: malformed HTTP response \"Unauthorized\"" connIndex=0 event=1 ingressRule=0 originService=http://localhost:3000
2026-08-20T07:44:14Z ERR Request failed error="Unable to reach the origin service. The service may be down or it may not be responding to traffic from cloudflared: net/http: HTTP/1.x transport connection broken: malformed HTTP response \"Unauthorized\"" connIndex=0 dest=https://consequence-pending-medieval-writes.trycloudflare.com/_next/hmr?id=E9uB2AnglEk6RosdZjOIo event=0 ip=2606:4700:a8::8 type=ws
2026-08-20T07:44:15Z ERR  error="Unable to reach the origin service. The service may be down or it may not be responding to traffic from cloudflared: net/http: HTTP/1.x transport connection broken: malformed HTTP response \"Unauthorized\"" connIndex=0 event=1 ingressRule=0 originService=http://localhost:3000
2026-08-20T07:44:15Z ERR Request failed error="Unable to reach the origin service. The service may be down or it may not be responding to traffic from cloudflared: net/http: HTTP/1.x transport connection broken: malformed HTTP response \"Unauthorized\"" connIndex=0 dest=https://consequence-pending-medieval-writes.trycloudflare.com/_next/hmr?id=ALpv1R1-toc2kEFAT_WBZ event=0 ip=2606:4700:a8::8 type=ws
2026-08-20T07:44:21Z ERR  error="Unable to reach the origin service. The service may be down or it may not be responding to traffic from cloudflared: net/http: HTTP/1.x transport connection broken: malformed HTTP response \"Unauthorized\"" connIndex=0 event=1 ingressRule=0 originService=http://localhost:3000
2026-08-20T07:44:21Z ERR Request failed error="Unable to reach the origin service. The service may be down or it may not be responding to traffic from cloudflared: net/http: HTTP/1.x transport connection broken: malformed HTTP response \"Unauthorized\"" connIndex=0 dest=https://consequence-pending-medieval-writes.trycloudflare.com/_next/hmr?id=ALpv1R1-toc2kEFAT_WBZ event=0 ip=2606:4700:a8::8 type=ws
2026-08-20T07:44:23Z ERR  error="Unable to reach the origin service. The service may be down or it may not be responding to traffic from cloudflared: net/http: HTTP/1.x transport connection broken: malformed HTTP response \"Unauthorized\"" connIndex=0 event=1 ingressRule=0 originService=http://localhost:3000
2026-08-20T07:44:23Z ERR Request failed error="Unable to reach the origin service. The service may be down or it may not be responding to traffic from cloudflared: net/http: HTTP/1.x transport connection broken: malformed HTTP response \"Unauthorized\"" connIndex=0 dest=https://consequence-pending-medieval-writes.trycloudflare.com/_next/hmr?id=WBKW8_6LmzZfohyP53Ddc event=0 ip=2606:4700:a8::8 type=ws
2026-08-20T07:44:25Z ERR  error="Unable to reach the origin service. The service may be down or it may not be responding to traffic from cloudflared: net/http: HTTP/1.x transport connection broken: malformed HTTP response \"Unauthorized\"" connIndex=0 event=1 ingressRule=0 originService=http://localhost:3000
2026-08-20T07:44:25Z ERR Request failed error="Unable to reach the origin service. The service may be down or it may not be responding to traffic from cloudflared: net/http: HTTP/1.x transport connection broken: malformed HTTP response \"Unauthorized\"" connIndex=0 dest=https://consequence-pending-medieval-writes.trycloudflare.com/_next/hmr?id=E9uB2AnglEk6RosdZjOIo event=0 ip=2606:4700:a8::8 type=ws
2026-08-20T07:44:25Z ERR  error="Unable to reach the origin service. The service may be down or it may not be responding to traffic from cloudflared: net/http: HTTP/1.x transport connection broken: malformed HTTP response \"Unauthorized\"" connIndex=0 event=1 ingressRule=0 originService=http://localhost:3000
2026-08-20T07:44:25Z ERR Request failed error="Unable to reach the origin service. The service may be down or it may not be responding to traffic from cloudflared: net/http: HTTP/1.x transport connection broken: malformed HTTP response \"Unauthorized\"" connIndex=0 dest=https://consequence-pending-medieval-writes.trycloudflare.com/_next/hmr?id=WBKW8_6LmzZfohyP53Ddc event=0 ip=2606:4700:a8::8 type=ws
2026-08-20T07:44:27Z ERR  error="Unable to reach the origin service. The service may be down or it may not be responding to traffic from cloudflared: net/http: HTTP/1.x transport connection broken: malformed HTTP response \"Unauthorized\"" connIndex=0 event=1 ingressRule=0 originService=http://localhost:3000
2026-08-20T07:44:27Z ERR Request failed error="Unable to reach the origin service. The service may be down or it may not be responding to traffic from cloudflared: net/http: HTTP/1.x transport connection broken: malformed HTTP response \"Unauthorized\"" connIndex=0 dest=https://consequence-pending-medieval-writes.trycloudflare.com/_next/hmr?id=WBKW8_6LmzZfohyP53Ddc event=0 ip=2606:4700:a8::8 type=ws
2026-08-20T07:44:29Z ERR  error="Unable to reach the origin service. The service may be down or it may not be responding to traffic from cloudflared: net/http: HTTP/1.x transport connection broken: malformed HTTP response \"Unauthorized\"" connIndex=0 event=1 ingressRule=0 originService=http://localhost:3000
2026-08-20T07:44:29Z ERR Request failed error="Unable to reach the origin service. The service may be down or it may not be responding to traffic from cloudflared: net/http: HTTP/1.x transport connection broken: malformed HTTP response \"Unauthorized\"" connIndex=0 dest=https://consequence-pending-medieval-writes.trycloudflare.com/_next/hmr?id=WBKW8_6LmzZfohyP53Ddc event=0 ip=2606:4700:a8::8 type=ws
2026-08-20T07:44:31Z ERR  error="Unable to reach the origin service. The service may be down or it may not be responding to traffic from cloudflared: net/http: HTTP/1.x transport connection broken: malformed HTTP response \"Unauthorized\"" connIndex=0 event=1 ingressRule=0 originService=http://localhost:3000
2026-08-20T07:44:31Z ERR Request failed error="Unable to reach the origin service. The service may be down or it may not be responding to traffic from cloudflared: net/http: HTTP/1.x transport connection broken: malformed HTTP response \"Unauthorized\"" connIndex=0 dest=https://consequence-pending-medieval-writes.trycloudflare.com/_next/hmr?id=WBKW8_6LmzZfohyP53Ddc event=0 ip=2606:4700:a8::8 type=ws
2026-08-20T07:44:33Z ERR  error="Unable to reach the origin service. The service may be down or it may not be responding to traffic from cloudflared: net/http: HTTP/1.x transport connection broken: malformed HTTP response \"Unauthorized\"" connIndex=0 event=1 ingressRule=0 originService=http://localhost:3000
2026-08-20T07:44:33Z ERR Request failed error="Unable to reach the origin service. The service may be down or it may not be responding to traffic from cloudflared: net/http: HTTP/1.x transport connection broken: malformed HTTP response \"Unauthorized\"" connIndex=0 dest=https://consequence-pending-medieval-writes.trycloudflare.com/_next/hmr?id=WBKW8_6LmzZfohyP53Ddc event=0 ip=2606:4700:a8::8 type=ws
2026-08-20T07:44:35Z ERR  error="Unable to reach the origin service. The service may be down or it may not be responding to traffic from cloudflared: net/http: HTTP/1.x transport connection broken: malformed HTTP response \"Unauthorized\"" connIndex=0 event=1 ingressRule=0 originService=http://localhost:3000
2026-08-20T07:44:35Z ERR Request failed error="Unable to reach the origin service. The service may be down or it may not be responding to traffic from cloudflared: net/http: HTTP/1.x transport connection broken: malformed HTTP response \"Unauthorized\"" connIndex=0 dest=https://consequence-pending-medieval-writes.trycloudflare.com/_next/hmr?id=E9uB2AnglEk6RosdZjOIo event=0 ip=2606:4700:a8::8 type=ws
2026-08-20T07:44:40Z ERR  error="Unable to reach the origin service. The service may be down or it may not be responding to traffic from cloudflared: net/http: HTTP/1.x transport connection broken: malformed HTTP response \"Unauthorized\"" connIndex=0 event=1 ingressRule=0 originService=http://localhost:3000
2026-08-20T07:44:40Z ERR Request failed error="Unable to reach the origin service. The service may be down or it may not be responding to traffic from cloudflared: net/http: HTTP/1.x transport connection broken: malformed HTTP response \"Unauthorized\"" connIndex=0 dest=https://consequence-pending-medieval-writes.trycloudflare.com/_next/hmr?id=WBKW8_6LmzZfohyP53Ddc event=0 ip=2606:4700:a8::8 type=ws
2026-08-20T07:44:41Z ERR  error="Unable to reach the origin service. The service may be down or it may not be responding to traffic from cloudflared: net/http: HTTP/1.x transport connection broken: malformed HTTP response \"Unauthorized\"" connIndex=0 event=1 ingressRule=0 originService=http://localhost:3000
2026-08-20T07:44:41Z ERR Request failed error="Unable to reach the origin service. The service may be down or it may not be responding to traffic from cloudflared: net/http: HTTP/1.x transport connection broken: malformed HTTP response \"Unauthorized\"" connIndex=0 dest=https://consequence-pending-medieval-writes.trycloudflare.com/_next/hmr?id=E9uB2AnglEk6RosdZjOIo event=0 ip=2606:4700:a8::8 type=ws
2026-08-20T07:44:46Z ERR  error="Unable to reach the origin service. The service may be down or it may not be responding to traffic from cloudflared: net/http: HTTP/1.x transport connection broken: malformed HTTP response \"Unauthorized\"" connIndex=0 event=1 ingressRule=0 originService=http://localhost:3000
2026-08-20T07:44:46Z ERR Request failed error="Unable to reach the origin service. The service may be down or it may not be responding to traffic from cloudflared: net/http: HTTP/1.x transport connection broken: malformed HTTP response \"Unauthorized\"" connIndex=0 dest=https://consequence-pending-medieval-writes.trycloudflare.com/_next/hmr?id=WBKW8_6LmzZfohyP53Ddc event=0 ip=2606:4700:a8::8 type=ws
2026-08-20T07:44:47Z ERR  error="Unable to reach the origin service. The service may be down or it may not be responding to traffic from cloudflared: net/http: HTTP/1.x transport connection broken: malformed HTTP response \"Unauthorized\"" connIndex=0 event=1 ingressRule=0 originService=http://localhost:3000
2026-08-20T07:44:47Z ERR Request failed error="Unable to reach the origin service. The service may be down or it may not be responding to traffic from cloudflared: net/http: HTTP/1.x transport connection broken: malformed HTTP response \"Unauthorized\"" connIndex=0 dest=https://consequence-pending-medieval-writes.trycloudflare.com/_next/hmr?id=E9uB2AnglEk6RosdZjOIo event=0 ip=2606:4700:a8::8 type=ws
2026-08-20T07:44:48Z ERR  error="Unable to reach the origin service. The service may be down or it may not be responding to traffic from cloudflared: net/http: HTTP/1.x transport connection broken: malformed HTTP response \"Unauthorized\"" connIndex=0 event=1 ingressRule=0 originService=http://localhost:3000
2026-08-20T07:44:48Z ERR Request failed error="Unable to reach the origin service. The service may be down or it may not be responding to traffic from cloudflared: net/http: HTTP/1.x transport connection broken: malformed HTTP response \"Unauthorized\"" connIndex=0 dest=https://consequence-pending-medieval-writes.trycloudflare.com/_next/hmr?id=emKYZ8DoRuv5wzVW0SGGA event=0 ip=2606:4700:a8::8 type=ws
2026-08-20T07:44:50Z ERR  error="Unable to reach the origin service. The service may be down or it may not be responding to traffic from cloudflared: net/http: HTTP/1.x transport connection broken: malformed HTTP response \"Unauthorized\"" connIndex=0 event=1 ingressRule=0 originService=http://localhost:3000
2026-08-20T07:44:50Z ERR Request failed error="Unable to reach the origin service. The service may be down or it may not be responding to traffic from cloudflared: net/http: HTTP/1.x transport connection broken: malformed HTTP response \"Unauthorized\"" connIndex=0 dest=https://consequence-pending-medieval-writes.trycloudflare.com/_next/hmr?id=emKYZ8DoRuv5wzVW0SGGA event=0 ip=2606:4700:a8::8 type=ws
2026-08-20T07:44:52Z ERR  error="Unable to reach the origin service. The service may be down or it may not be responding to traffic from cloudflared: net/http: HTTP/1.x transport connection broken: malformed HTTP response \"Unauthorized\"" connIndex=0 event=1 ingressRule=0 originService=http://localhost:3000
2026-08-20T07:44:52Z ERR Request failed error="Unable to reach the origin service. The service may be down or it may not be responding to traffic from cloudflared: net/http: HTTP/1.x transport connection broken: malformed HTTP response \"Unauthorized\"" connIndex=0 dest=https://consequence-pending-medieval-writes.trycloudflare.com/_next/hmr?id=emKYZ8DoRuv5wzVW0SGGA event=0 ip=2606:4700:a8::8 type=ws
2026-08-20T07:44:54Z ERR  error="Unable to reach the origin service. The service may be down or it may not be responding to traffic from cloudflared: net/http: HTTP/1.x transport connection broken: malformed HTTP response \"Unauthorized\"" connIndex=0 event=1 ingressRule=0 originService=http://localhost:3000
2026-08-20T07:44:54Z ERR Request failed error="Unable to reach the origin service. The service may be down or it may not be responding to traffic from cloudflared: net/http: HTTP/1.x transport connection broken: malformed HTTP response \"Unauthorized\"" connIndex=0 dest=https://consequence-pending-medieval-writes.trycloudflare.com/_next/hmr?id=emKYZ8DoRuv5wzVW0SGGA event=0 ip=2606:4700:a8::8 type=ws
2026-08-20T07:44:55Z ERR  error="Unable to reach the origin service. The service may be down or it may not be responding to traffic from cloudflared: net/http: HTTP/1.x transport connection broken: malformed HTTP response \"Unauthorized\"" connIndex=0 event=1 ingressRule=0 originService=http://localhost:3000
2026-08-20T07:44:55Z ERR Request failed error="Unable to reach the origin service. The service may be down or it may not be responding to traffic from cloudflared: net/http: HTTP/1.x transport connection broken: malformed HTTP response \"Unauthorized\"" connIndex=0 dest=https://consequence-pending-medieval-writes.trycloudflare.com/_next/hmr?id=WBKW8_6LmzZfohyP53Ddc event=0 ip=2606:4700:a8::8 type=ws
2026-08-20T07:44:56Z ERR  error="Unable to reach the origin service. The service may be down or it may not be responding to traffic from cloudflared: net/http: HTTP/1.x transport connection broken: malformed HTTP response \"Unauthorized\"" connIndex=0 event=1 ingressRule=0 originService=http://localhost:3000
2026-08-20T07:44:56Z ERR Request failed error="Unable to reach the origin service. The service may be down or it may not be responding to traffic from cloudflared: net/http: HTTP/1.x transport connection broken: malformed HTTP response \"Unauthorized\"" connIndex=0 dest=https://consequence-pending-medieval-writes.trycloudflare.com/_next/hmr?id=emKYZ8DoRuv5wzVW0SGGA event=0 ip=2606:4700:a8::8 type=ws
2026-08-20T07:44:58Z ERR  error="Unable to reach the origin service. The service may be down or it may not be responding to traffic from cloudflared: net/http: HTTP/1.x transport connection broken: malformed HTTP response \"Unauthorized\"" connIndex=0 event=1 ingressRule=0 originService=http://localhost:3000
2026-08-20T07:44:58Z ERR Request failed error="Unable to reach the origin service. The service may be down or it may not be responding to traffic from cloudflared: net/http: HTTP/1.x transport connection broken: malformed HTTP response \"Unauthorized\"" connIndex=0 dest=https://consequence-pending-medieval-writes.trycloudflare.com/_next/hmr?id=emKYZ8DoRuv5wzVW0SGGA event=0 ip=2606:4700:a8::8 type=ws
2026-08-20T07:45:04Z ERR  error="Unable to reach the origin service. The service may be down or it may not be responding to traffic from cloudflared: net/http: HTTP/1.x transport connection broken: malformed HTTP response \"Unauthorized\"" connIndex=0 event=1 ingressRule=0 originService=http://localhost:3000
2026-08-20T07:45:04Z ERR Request failed error="Unable to reach the origin service. The service may be down or it may not be responding to traffic from cloudflared: net/http: HTTP/1.x transport connection broken: malformed HTTP response \"Unauthorized\"" connIndex=0 dest=https://consequence-pending-medieval-writes.trycloudflare.com/_next/hmr?id=emKYZ8DoRuv5wzVW0SGGA event=0 ip=2606:4700:a8::8 type=ws
2026-08-20T07:45:05Z ERR  error="Unable to reach the origin service. The service may be down or it may not be responding to traffic from cloudflared: net/http: HTTP/1.x transport connection broken: malformed HTTP response \"Unauthorized\"" connIndex=0 event=1 ingressRule=0 originService=http://localhost:3000
2026-08-20T07:45:05Z ERR Request failed error="Unable to reach the origin service. The service may be down or it may not be responding to traffic from cloudflared: net/http: HTTP/1.x transport connection broken: malformed HTTP response \"Unauthorized\"" connIndex=0 dest=https://consequence-pending-medieval-writes.trycloudflare.com/_next/hmr?id=WBKW8_6LmzZfohyP53Ddc event=0 ip=2606:4700:a8::8 type=ws
2026-08-20T07:45:10Z ERR  error="Unable to reach the origin service. The service may be down or it may not be responding to traffic from cloudflared: net/http: HTTP/1.x transport connection broken: malformed HTTP response \"Unauthorized\"" connIndex=0 event=1 ingressRule=0 originService=http://localhost:3000
2026-08-20T07:45:10Z ERR Request failed error="Unable to reach the origin service. The service may be down or it may not be responding to traffic from cloudflared: net/http: HTTP/1.x transport connection broken: malformed HTTP response \"Unauthorized\"" connIndex=0 dest=https://consequence-pending-medieval-writes.trycloudflare.com/_next/hmr?id=emKYZ8DoRuv5wzVW0SGGA event=0 ip=2606:4700:a8::8 type=ws
2026-08-20T07:45:13Z ERR  error="Unable to reach the origin service. The service may be down or it may not be responding to traffic from cloudflared: dial tcp [::1]:3000: connect: connection refused" connIndex=0 event=1 ingressRule=0 originService=http://localhost:3000
2026-08-20T07:45:13Z ERR Request failed error="Unable to reach the origin service. The service may be down or it may not be responding to traffic from cloudflared: dial tcp [::1]:3000: connect: connection refused" connIndex=0 dest=https://consequence-pending-medieval-writes.trycloudflare.com/_next/hmr?id=WBKW8_6LmzZfohyP53Ddc event=0 ip=2606:4700:a8::8 type=ws
2026-08-20T07:45:16Z ERR  error="Unable to reach the origin service. The service may be down or it may not be responding to traffic from cloudflared: net/http: HTTP/1.x transport connection broken: malformed HTTP response \"Unauthorized\"" connIndex=0 event=1 ingressRule=0 originService=http://localhost:3000
2026-08-20T07:45:16Z ERR Request failed error="Unable to reach the origin service. The service may be down or it may not be responding to traffic from cloudflared: net/http: HTTP/1.x transport connection broken: malformed HTTP response \"Unauthorized\"" connIndex=0 dest=https://consequence-pending-medieval-writes.trycloudflare.com/_next/hmr?id=emKYZ8DoRuv5wzVW0SGGA event=0 ip=2606:4700:a8::8 type=ws
2026-08-20T07:45:22Z ERR  error="Unable to reach the origin service. The service may be down or it may not be responding to traffic from cloudflared: net/http: HTTP/1.x transport connection broken: malformed HTTP response \"Unauthorized\"" connIndex=0 event=1 ingressRule=0 originService=http://localhost:3000
2026-08-20T07:45:22Z ERR Request failed error="Unable to reach the origin service. The service may be down or it may not be responding to traffic from cloudflared: net/http: HTTP/1.x transport connection broken: malformed HTTP response \"Unauthorized\"" connIndex=0 dest=https://consequence-pending-medieval-writes.trycloudflare.com/_next/hmr?id=emKYZ8DoRuv5wzVW0SGGA event=0 ip=2606:4700:a8::8 type=ws
2026-08-20T07:45:25Z ERR  error="Unable to reach the origin service. The service may be down or it may not be responding to traffic from cloudflared: net/http: HTTP/1.x transport connection broken: malformed HTTP response \"Unauthorized\"" connIndex=0 event=1 ingressRule=0 originService=http://localhost:3000
2026-08-20T07:45:25Z ERR Request failed error="Unable to reach the origin service. The service may be down or it may not be responding to traffic from cloudflared: net/http: HTTP/1.x transport connection broken: malformed HTTP response \"Unauthorized\"" connIndex=0 dest=https://consequence-pending-medieval-writes.trycloudflare.com/_next/hmr?id=cfsWsS2Yhln7dp33m7-4D event=0 ip=2606:4700:a8::8 type=ws
2026-08-20T07:45:29Z ERR  error="Unable to reach the origin service. The service may be down or it may not be responding to traffic from cloudflared: net/http: HTTP/1.x transport connection broken: malformed HTTP response \"Unauthorized\"" connIndex=0 event=1 ingressRule=0 originService=http://localhost:3000
2026-08-20T07:45:29Z ERR Request failed error="Unable to reach the origin service. The service may be down or it may not be responding to traffic from cloudflared: net/http: HTTP/1.x transport connection broken: malformed HTTP response \"Unauthorized\"" connIndex=0 dest=https://consequence-pending-medieval-writes.trycloudflare.com/_next/hmr?id=emKYZ8DoRuv5wzVW0SGGA event=0 ip=2606:4700:a8::8 type=ws
2026-08-20T07:45:31Z ERR  error="Unable to reach the origin service. The service may be down or it may not be responding to traffic from cloudflared: net/http: HTTP/1.x transport connection broken: malformed HTTP response \"Unauthorized\"" connIndex=0 event=1 ingressRule=0 originService=http://localhost:3000
2026-08-20T07:45:31Z ERR Request failed error="Unable to reach the origin service. The service may be down or it may not be responding to traffic from cloudflared: net/http: HTTP/1.x transport connection broken: malformed HTTP response \"Unauthorized\"" connIndex=0 dest=https://consequence-pending-medieval-writes.trycloudflare.com/_next/hmr?id=cfsWsS2Yhln7dp33m7-4D event=0 ip=2606:4700:a8::8 type=ws
2026-08-20T07:45:35Z ERR  error="Unable to reach the origin service. The service may be down or it may not be responding to traffic from cloudflared: net/http: HTTP/1.x transport connection broken: malformed HTTP response \"Unauthorized\"" connIndex=0 event=1 ingressRule=0 originService=http://localhost:3000
2026-08-20T07:45:35Z ERR Request failed error="Unable to reach the origin service. The service may be down or it may not be responding to traffic from cloudflared: net/http: HTTP/1.x transport connection broken: malformed HTTP response \"Unauthorized\"" connIndex=0 dest=https://consequence-pending-medieval-writes.trycloudflare.com/_next/hmr?id=emKYZ8DoRuv5wzVW0SGGA event=0 ip=2606:4700:a8::8 type=ws
2026-08-20T07:45:36Z ERR  error="Unable to reach the origin service. The service may be down or it may not be responding to traffic from cloudflared: net/http: HTTP/1.x transport connection broken: malformed HTTP response \"Unauthorized\"" connIndex=0 event=1 ingressRule=0 originService=http://localhost:3000
2026-08-20T07:45:36Z ERR Request failed error="Unable to reach the origin service. The service may be down or it may not be responding to traffic from cloudflared: net/http: HTTP/1.x transport connection broken: malformed HTTP response \"Unauthorized\"" connIndex=0 dest=https://consequence-pending-medieval-writes.trycloudflare.com/_next/hmr?id=cfsWsS2Yhln7dp33m7-4D event=0 ip=2606:4700:a8::8 type=ws
2026-08-20T07:45:42Z ERR  error="Unable to reach the origin service. The service may be down or it may not be responding to traffic from cloudflared: net/http: HTTP/1.x transport connection broken: malformed HTTP response \"Unauthorized\"" connIndex=0 event=1 ingressRule=0 originService=http://localhost:3000
2026-08-20T07:45:42Z ERR Request failed error="Unable to reach the origin service. The service may be down or it may not be responding to traffic from cloudflared: net/http: HTTP/1.x transport connection broken: malformed HTTP response \"Unauthorized\"" connIndex=0 dest=https://consequence-pending-medieval-writes.trycloudflare.com/_next/hmr?id=cfsWsS2Yhln7dp33m7-4D event=0 ip=2606:4700:a8::8 type=ws
2026-08-20T07:45:42Z ERR  error="Unable to reach the origin service. The service may be down or it may not be responding to traffic from cloudflared: net/http: HTTP/1.x transport connection broken: malformed HTTP response \"Unauthorized\"" connIndex=0 event=1 ingressRule=0 originService=http://localhost:3000
2026-08-20T07:45:42Z ERR Request failed error="Unable to reach the origin service. The service may be down or it may not be responding to traffic from cloudflared: net/http: HTTP/1.x transport connection broken: malformed HTTP response \"Unauthorized\"" connIndex=0 dest=https://consequence-pending-medieval-writes.trycloudflare.com/_next/hmr?id=emKYZ8DoRuv5wzVW0SGGA event=0 ip=2606:4700:a8::8 type=ws
2026-08-20T07:45:48Z ERR  error="Unable to reach the origin service. The service may be down or it may not be responding to traffic from cloudflared: net/http: HTTP/1.x transport connection broken: malformed HTTP response \"Unauthorized\"" connIndex=0 event=1 ingressRule=0 originService=http://localhost:3000
2026-08-20T07:45:48Z ERR Request failed error="Unable to reach the origin service. The service may be down or it may not be responding to traffic from cloudflared: net/http: HTTP/1.x transport connection broken: malformed HTTP response \"Unauthorized\"" connIndex=0 dest=https://consequence-pending-medieval-writes.trycloudflare.com/_next/hmr?id=cfsWsS2Yhln7dp33m7-4D event=0 ip=2606:4700:a8::8 type=ws
2026-08-20T07:45:48Z ERR  error="Unable to reach the origin service. The service may be down or it may not be responding to traffic from cloudflared: net/http: HTTP/1.x transport connection broken: malformed HTTP response \"Unauthorized\"" connIndex=0 event=1 ingressRule=0 originService=http://localhost:3000
2026-08-20T07:45:48Z ERR Request failed error="Unable to reach the origin service. The service may be down or it may not be responding to traffic from cloudflared: net/http: HTTP/1.x transport connection broken: malformed HTTP response \"Unauthorized\"" connIndex=0 dest=https://consequence-pending-medieval-writes.trycloudflare.com/_next/hmr?id=N5Y4uMZfo-f44S9mzskOt event=0 ip=2606:4700:a8::8 type=ws
2026-08-20T07:45:51Z ERR  error="Unable to reach the origin service. The service may be down or it may not be responding to traffic from cloudflared: net/http: HTTP/1.x transport connection broken: malformed HTTP response \"Unauthorized\"" connIndex=0 event=1 ingressRule=0 originService=http://localhost:3000
2026-08-20T07:45:51Z ERR Request failed error="Unable to reach the origin service. The service may be down or it may not be responding to traffic from cloudflared: net/http: HTTP/1.x transport connection broken: malformed HTTP response \"Unauthorized\"" connIndex=0 dest=https://consequence-pending-medieval-writes.trycloudflare.com/_next/hmr?id=cfsWsS2Yhln7dp33m7-4D event=0 ip=2606:4700:a8::8 type=ws
2026-08-20T07:45:52Z ERR  error="Unable to reach the origin service. The service may be down or it may not be responding to traffic from cloudflared: net/http: HTTP/1.x transport connection broken: malformed HTTP response \"Unauthorized\"" connIndex=0 event=1 ingressRule=0 originService=http://localhost:3000
2026-08-20T07:45:52Z ERR Request failed error="Unable to reach the origin service. The service may be down or it may not be responding to traffic from cloudflared: net/http: HTTP/1.x transport connection broken: malformed HTTP response \"Unauthorized\"" connIndex=0 dest=https://consequence-pending-medieval-writes.trycloudflare.com/_next/hmr?id=N5Y4uMZfo-f44S9mzskOt event=0 ip=2606:4700:a8::8 type=ws
2026-08-20T07:45:54Z ERR  error="Unable to reach the origin service. The service may be down or it may not be responding to traffic from cloudflared: net/http: HTTP/1.x transport connection broken: malformed HTTP response \"Unauthorized\"" connIndex=0 event=1 ingressRule=0 originService=http://localhost:3000
2026-08-20T07:45:54Z ERR Request failed error="Unable to reach the origin service. The service may be down or it may not be responding to traffic from cloudflared: net/http: HTTP/1.x transport connection broken: malformed HTTP response \"Unauthorized\"" connIndex=0 dest=https://consequence-pending-medieval-writes.trycloudflare.com/_next/hmr?id=N5Y4uMZfo-f44S9mzskOt event=0 ip=2606:4700:a8::8 type=ws
2026-08-20T07:45:56Z ERR  error="Unable to reach the origin service. The service may be down or it may not be responding to traffic from cloudflared: net/http: HTTP/1.x transport connection broken: malformed HTTP response \"Unauthorized\"" connIndex=0 event=1 ingressRule=0 originService=http://localhost:3000
2026-08-20T07:45:56Z ERR Request failed error="Unable to reach the origin service. The service may be down or it may not be responding to traffic from cloudflared: net/http: HTTP/1.x transport connection broken: malformed HTTP response \"Unauthorized\"" connIndex=0 dest=https://consequence-pending-medieval-writes.trycloudflare.com/_next/hmr?id=cfsWsS2Yhln7dp33m7-4D event=0 ip=2606:4700:a8::8 type=ws
2026-08-20T07:46:01Z ERR  error="Unable to reach the origin service. The service may be down or it may not be responding to traffic from cloudflared: net/http: HTTP/1.x transport connection broken: malformed HTTP response \"Unauthorized\"" connIndex=0 event=1 ingressRule=0 originService=http://localhost:3000
2026-08-20T07:46:01Z ERR Request failed error="Unable to reach the origin service. The service may be down or it may not be responding to traffic from cloudflared: net/http: HTTP/1.x transport connection broken: malformed HTTP response \"Unauthorized\"" connIndex=0 dest=https://consequence-pending-medieval-writes.trycloudflare.com/_next/hmr?id=N5Y4uMZfo-f44S9mzskOt event=0 ip=2606:4700:a8::8 type=ws
2026-08-20T07:46:02Z ERR  error="Unable to reach the origin service. The service may be down or it may not be responding to traffic from cloudflared: net/http: HTTP/1.x transport connection broken: malformed HTTP response \"Unauthorized\"" connIndex=0 event=1 ingressRule=0 originService=http://localhost:3000
2026-08-20T07:46:02Z ERR Request failed error="Unable to reach the origin service. The service may be down or it may not be responding to traffic from cloudflared: net/http: HTTP/1.x transport connection broken: malformed HTTP response \"Unauthorized\"" connIndex=0 dest=https://consequence-pending-medieval-writes.trycloudflare.com/_next/hmr?id=cfsWsS2Yhln7dp33m7-4D event=0 ip=2606:4700:a8::8 type=ws
2026-08-20T07:46:05Z ERR  error="Unable to reach the origin service. The service may be down or it may not be responding to traffic from cloudflared: net/http: HTTP/1.x transport connection broken: malformed HTTP response \"Unauthorized\"" connIndex=0 event=1 ingressRule=0 originService=http://localhost:3000
2026-08-20T07:46:05Z ERR Request failed error="Unable to reach the origin service. The service may be down or it may not be responding to traffic from cloudflared: net/http: HTTP/1.x transport connection broken: malformed HTTP response \"Unauthorized\"" connIndex=0 dest=https://consequence-pending-medieval-writes.trycloudflare.com/_next/hmr?id=N5Y4uMZfo-f44S9mzskOt event=0 ip=2606:4700:a8::8 type=ws
2026-08-20T07:46:08Z ERR  error="Unable to reach the origin service. The service may be down or it may not be responding to traffic from cloudflared: net/http: HTTP/1.x transport connection broken: malformed HTTP response \"Unauthorized\"" connIndex=0 event=1 ingressRule=0 originService=http://localhost:3000
2026-08-20T07:46:08Z ERR Request failed error="Unable to reach the origin service. The service may be down or it may not be responding to traffic from cloudflared: net/http: HTTP/1.x transport connection broken: malformed HTTP response \"Unauthorized\"" connIndex=0 dest=https://consequence-pending-medieval-writes.trycloudflare.com/_next/hmr?id=cfsWsS2Yhln7dp33m7-4D event=0 ip=2606:4700:a8::8 type=ws
2026-08-20T07:46:10Z ERR  error="Unable to reach the origin service. The service may be down or it may not be responding to traffic from cloudflared: net/http: HTTP/1.x transport connection broken: malformed HTTP response \"Unauthorized\"" connIndex=0 event=1 ingressRule=0 originService=http://localhost:3000
2026-08-20T07:46:10Z ERR Request failed error="Unable to reach the origin service. The service may be down or it may not be responding to traffic from cloudflared: net/http: HTTP/1.x transport connection broken: malformed HTTP response \"Unauthorized\"" connIndex=0 dest=https://consequence-pending-medieval-writes.trycloudflare.com/_next/hmr?id=N5Y4uMZfo-f44S9mzskOt event=0 ip=2606:4700:a8::8 type=ws
2026-08-20T07:46:14Z ERR  error="Unable to reach the origin service. The service may be down or it may not be responding to traffic from cloudflared: net/http: HTTP/1.x transport connection broken: malformed HTTP response \"Unauthorized\"" connIndex=0 event=1 ingressRule=0 originService=http://localhost:3000
2026-08-20T07:46:14Z ERR Request failed error="Unable to reach the origin service. The service may be down or it may not be responding to traffic from cloudflared: net/http: HTTP/1.x transport connection broken: malformed HTTP response \"Unauthorized\"" connIndex=0 dest=https://consequence-pending-medieval-writes.trycloudflare.com/_next/hmr?id=cfsWsS2Yhln7dp33m7-4D event=0 ip=2606:4700:a8::8 type=ws
2026-08-20T07:46:19Z ERR  error="Unable to reach the origin service. The service may be down or it may not be responding to traffic from cloudflared: net/http: HTTP/1.x transport connection broken: malformed HTTP response \"Unauthorized\"" connIndex=0 event=1 ingressRule=0 originService=http://localhost:3000
2026-08-20T07:46:19Z ERR Request failed error="Unable to reach the origin service. The service may be down or it may not be responding to traffic from cloudflared: net/http: HTTP/1.x transport connection broken: malformed HTTP response \"Unauthorized\"" connIndex=0 dest=https://consequence-pending-medieval-writes.trycloudflare.com/_next/hmr?id=N5Y4uMZfo-f44S9mzskOt event=0 ip=2606:4700:a8::8 type=ws
2026-08-20T07:46:20Z ERR  error="Unable to reach the origin service. The service may be down or it may not be responding to traffic from cloudflared: net/http: HTTP/1.x transport connection broken: malformed HTTP response \"Unauthorized\"" connIndex=0 event=1 ingressRule=0 originService=http://localhost:3000
2026-08-20T07:46:20Z ERR Request failed error="Unable to reach the origin service. The service may be down or it may not be responding to traffic from cloudflared: net/http: HTTP/1.x transport connection broken: malformed HTTP response \"Unauthorized\"" connIndex=0 dest=https://consequence-pending-medieval-writes.trycloudflare.com/_next/hmr?id=cfsWsS2Yhln7dp33m7-4D event=0 ip=2606:4700:a8::8 type=ws
2026-08-20T07:46:26Z ERR  error="Unable to reach the origin service. The service may be down or it may not be responding to traffic from cloudflared: net/http: HTTP/1.x transport connection broken: malformed HTTP response \"Unauthorized\"" connIndex=0 event=1 ingressRule=0 originService=http://localhost:3000
2026-08-20T07:46:26Z ERR Request failed error="Unable to reach the origin service. The service may be down or it may not be responding to traffic from cloudflared: net/http: HTTP/1.x transport connection broken: malformed HTTP response \"Unauthorized\"" connIndex=0 dest=https://consequence-pending-medieval-writes.trycloudflare.com/_next/hmr?id=cfsWsS2Yhln7dp33m7-4D event=0 ip=2606:4700:a8::8 type=ws
2026-08-20T07:46:28Z ERR  error="Unable to reach the origin service. The service may be down or it may not be responding to traffic from cloudflared: net/http: HTTP/1.x transport connection broken: malformed HTTP response \"Unauthorized\"" connIndex=0 event=1 ingressRule=0 originService=http://localhost:3000
2026-08-20T07:46:28Z ERR Request failed error="Unable to reach the origin service. The service may be down or it may not be responding to traffic from cloudflared: net/http: HTTP/1.x transport connection broken: malformed HTTP response \"Unauthorized\"" connIndex=0 dest=https://consequence-pending-medieval-writes.trycloudflare.com/_next/hmr?id=N5Y4uMZfo-f44S9mzskOt event=0 ip=2606:4700:a8::8 type=ws
2026-08-20T07:46:29Z INF Initiating graceful shutdown due to signal terminated ...
2026-08-20T07:46:29Z ERR failed to run the datagram handler error="Application error 0x0 (remote)" connIndex=0 event=0 ip=2606:4700:a8::8
2026-08-20T07:46:29Z ERR failed to serve tunnel connection error="accept stream listener encountered a failure while serving" connIndex=0 event=0 ip=2606:4700:a8::8
2026-08-20T07:46:29Z ERR Serve tunnel error error="accept stream listener encountered a failure while serving" connIndex=0 event=0 ip=2606:4700:a8::8
2026-08-20T07:46:29Z INF Retrying connection in up to 1s connIndex=0 event=0 ip=2606:4700:a8::8
2026-08-20T07:46:29Z ERR Connection terminated connIndex=0
2026-08-20T07:46:29Z ERR no more connections active and exiting
2026-08-20T07:46:29Z INF Tunnel server stopped
2026-08-20T07:46:29Z INF Metrics server stopped
